Portfolio_ID,US_Equity,International,Emerging_Markets,Bonds,Real_Estate,Expected_Return_Annual,Volatility_Annual,VaR_95_5Year,VaR_95_Annual,Prob_Exceed_Target
1,0.215631243889527,0.29084003269828174,0.3442733439479342,0.10783306168624548,0.0414223177780115,0.09591065826171258,0.18384195868642503,0.5781510761852788,0.0955437237239185,0.755
2,0.5725773267200444,0.12084880925264523,0.013606443106375557,0.028252121435510223,0.26471529948542466,0.09479458888026188,0.15706017199656525,0.5833247614786843,0.09626109236079428,0.658
3,0.3840370693648071,0.10356914713124445,0.21994071158547904,0.03228772846060477,0.26016534345786463,0.09788594070255784,0.16963662827710965,0.5983152380666202,0.09832909417829772,0.941
4,0.7170789860991793,0.028309946733560763,0.1299913516316254,0.09529002336326799,0.029329692172366594,0.09613252260043538,0.16476113059147587,0.588785948775855,0.0970162936166361,0.827
5,0.42250856618229066,0.05239069827489855,0.24008260233055748,0.12360462226097063,0.16141351095128273,0.09466494271834316,0.16000388075580824,0.5771086376815487,0.09539895446280555,0.615
6,0.04085152136951344,0.4911388025794465,0.40819066215981176,0.05042864923943386,0.009390364651794495,0.0983439925519159,0.20947194375644565,0.5965216687355702,0.09808248272645104,0.93
7,0.4960139162259079,0.32933687380893,0.10158068262755994,0.008530408286799965,0.06453811905080219,0.09711578785504207,0.17734769095117037,0.5960377180766239,0.0980159027108718,0.915
8,0.651108953761293,0.04182768305293468,0.16956354145370728,0.13277857122427694,0.004721250507788047,0.09477514236886316,0.16201449457644712,0.5769188270799533,0.09537258616581301,0.626
9,0.3589119587707067,0.15658567305569915,0.3457530308085011,0.06794813610927358,0.07080120125581942,0.09917527923300229,0.18531651199788024,0.6045603712218279,0.09918606104967909,0.971
10,0.004732541555940865,0.09470920769320357,0.4820783589891027,0.08728283391883562,0.3311970578429173,0.09817155686393936,0.18717030938065804,0.5951671463224943,0.09789609222648687,0.923
11,0.24948128154854193,0.07311366766010925,0.4755642488356906,0.15223513090706411,0.04960567104859405,0.0975333381455598,0.18620062633739548,0.5927905713218606,0.09756875489892569,0.893
12,0.551472929874687,0.015120770227723006,0.17785470738532758,0.10470557593360241,0.1508460165786601,0.09524934606636797,0.15879372720963986,0.5844748528312881,0.09642030596825912,0.725
13,0.27437540806986693,0.09736797191126555,0.40993833905259114,0.13700246049375778,0.0813158204725185,0.09682710183479434,0.17971686146687726,0.5863646830051751,0.09668172511716477,0.827
14,0.09384117357782014,0.07171408337226119,0.6311139483463467,0.17178880887986006,0.03154198582371182,0.09898576404484319,0.20475731280334625,0.5949001747890877,0.097859340387912,0.926
15,0.41560191553559006,0.03397474451175969,0.3081418973506141,0.09488010853157303,0.14740133407046316,0.09758996170520047,0.17146434144466582,0.5938988695512097,0.09772145483355521,0.919
16,0.29581017871834003,0.20695841381403918,0.34750763327567435,0.05141416411198874,0.0983096100799579,0.09933215523403578,0.18788919765832232,0.6045010258802261,0.09917793015744025,0.964
17,0.30572682161036846,0.26079774474538986,0.3141661943518925,0.034249055929976145,0.08506018336237309,0.09937021555805207,0.18912176943194595,0.6057559092597266,0.09934981023504341,0.97
18,0.04682692386218561,0.26739875849321204,0.36490124979445965,0.08325031972657783,0.23762274812356465,0.09584453609578732,0.181389583368049,0.5788555306131664,0.09564151193651549,0.741
19,0.2774141859401448,0.12000566000710701,0.45619148130752313,0.08519902462029456,0.061189648124930746,0.1003449727841763,0.19456985448907335,0.608924418383837,0.09978331993703948,0.985
20,0.3070477893909567,0.2445824153730591,0.23457881988583584,0.07937394223826749,0.13441703311188086,0.09536312099033342,0.17106322285798192,0.5801540112685837,0.09582166794188685,0.686
21,0.01962932651687694,0.0012387052056970335,0.7545156878706514,0.1444874085266474,0.08012887188012727,0.10255725207823593,0.22189713129578537,0.6168653422174424,0.1008667897283142,0.984
22,0.29591452991961914,0.0938013275042292,0.13569601824199484,0.019536540532338414,0.45505158380181854,0.09547240143129083,0.15907895231769786,0.5885698302452983,0.09698644712275617,0.774
23,0.6166773285527066,0.16549105724956722,0.17589270545049662,0.029503549800789498,0.01243535894643998,0.09923643118075395,0.18041277451650742,0.6111331940970521,0.10008511681720322,0.988
24,0.02016953984473219,0.13234360981900575,0.505495580841348,0.1078309921229802,0.23416027737193376,0.09798669027394691,0.19109177612781492,0.5880234978494595,0.09691098280443367,0.879
25,0.7661802128444525,0.04767613864696012,0.050112828208223506,0.061074718309806854,0.07495610199055695,0.0961662605097088,0.1639325184908105,0.5913905618449926,0.09737574180336606,0.848
26,0.34843845750590563,0.22529677099395629,0.23972066005093798,0.02483849330252149,0.16170561814667853,0.09835966887771903,0.17881118538728194,0.6020888186375214,0.098847230353033,0.965
27,0.16283496899064118,0.2212651785498333,0.48016759645921736,0.08769595917099887,0.04803629682930927,0.09968622143869191,0.20064035598568236,0.6023121137903656,0.0988778595639821,0.962
28,0.4354763636900388,0.2576581045907636,0.2114698900830846,0.03665385152704347,0.0587417901090695,0.09799208757026054,0.18025442948285955,0.6016005968094472,0.09878024947102704,0.953
29,0.538613563510835,0.05892003749548477,0.0200417098192443,0.016042780238255006,0.36638190893618106,0.095165253269868,0.15572232575075767,0.5860623267064587,0.09663991708731712,0.72
30,0.053935514707058714,0.15866327454195603,0.6161911284138358,0.12248118951891952,0.04872889281823001,0.10043247982906511,0.2116060662046369,0.6028145489596552,0.09894676569547323,0.963
31,0.18350064489264717,0.3227549064105193,0.30247627208387157,0.028908932410921368,0.16235924420204054,0.0980960112925318,0.18699308924453745,0.5969705496603112,0.0981442235552159,0.929
32,0.1336548465261864,0.08826196170518316,0.4174932022683894,0.05536058414114761,0.30522940535909354,0.09928265223561997,0.18419967860902983,0.6045098731595616,0.09917914233650182,0.965
33,0.06268200893693322,0.2740197346546305,0.29858194811374444,0.035656374265462414,0.32905993402922934,0.09648683195026714,0.1783997058853811,0.5871274906375253,0.09678717329579056,0.828
34,0.23049036571074805,0.24137227013640675,0.370380438892105,0.03379492312095708,0.12396200213978316,0.10004364308896703,0.19288630136310536,0.6104944162390105,0.09999787120807224,0.982
35,0.26098962067296094,0.33777199394796087,0.29944766729306116,0.07886793387925069,0.022922784206766158,0.09654703086448985,0.1858215927996775,0.5880447470567098,0.09691391832321972,0.839
36,0.5593340747501472,0.06482328167443147,0.18287396898992608,0.05674604982235577,0.13622262476313932,0.09761161773024359,0.168278449616445,0.6000171475032822,0.09856289799233875,0.95
37,0.1934256327288888,0.25242843474650056,0.3702088268016163,0.024683543589187312,0.15925356213380695,0.10007871753581586,0.19307451514683663,0.6109926168222694,0.10006591885566829,0.985
38,0.007946425388904912,0.031193769329401995,0.5257540947963968,0.18707913800622317,0.24802657247907314,0.09480475541351893,0.17952209883818232,0.5703002575133491,0.09445154930747846,0.607
39,0.15385436434002525,0.05858607177423284,0.4968684947590921,0.16266039285614925,0.12803067627050055,0.09664053833385083,0.18360271165040584,0.5813313745070602,0.09598491731988346,0.825
40,0.5864145504536741,0.26180996653062566,0.09462490875109993,0.007161845654772657,0.04998872860982768,0.09790748516884948,0.17718397919220993,0.604215984795854,0.09913887338771121,0.97
41,0.23091144742859016,0.053641191027749266,0.5693939601621876,0.1412488920924607,0.004804509289012325,0.10018776333417985,0.20137368396030786,0.603019040600365,0.09897480561559369,0.963
42,0.1657720182721529,0.08934479827575749,0.5280343263539214,0.08853492604865454,0.12831393104951372,0.10087450666938011,0.19909896479074626,0.6126758817641788,0.10029570624899575,0.982
43,0.5326044892761829,0.12624150301099968,0.1662817177705713,0.02043004824119343,0.15444224170105264,0.09856373566617242,0.17265809035548701,0.6088151889548779,0.09976838673508448,0.986
44,0.150736196139176,0.01631973700093077,0.4505668761115937,0.16331772788543467,0.21905946286286482,0.09542223610933703,0.1733643899814958,0.5747405872029379,0.09506980537209819,0.722
45,0.21634369994419186,0.3982637519657249,0.20518912280549173,0.020809358376937617,0.15939406690765376,0.096356743942617,0.18084458946303836,0.5864612193757154,0.09669507224945773,0.829
46,0.0803630749422563,0.48431133696976797,0.36415969924265973,0.07080430077981018,0.00036158806550582194,0.09672142969539761,0.20118310164281117,0.582920792639813,0.0962051467286349,0.803
47,0.08699065364741346,0.010155818435036322,0.45761088477994477,0.15056627079861942,0.294676372338986,0.09553469647003487,0.1737713477222784,0.5774806797477354,0.09545063080657123,0.728
48,0.464981760150473,0.10002937396642994,0.27193130029174034,0.03237429839545628,0.1306832671959005,0.09999125668100273,0.18009231191565658,0.6146329563022287,0.10056263107936148,0.988
49,0.03939816592495079,0.1590791821142818,0.5585547893192875,0.11987398331974104,0.12309387932173893,0.09896352214284335,0.20113513115256962,0.5958488776256793,0.09798991840863747,0.932
50,0.5496759057401692,0.17623638049482773,0.1611895572407155,0.08978016314587416,0.023117993378413488,0.09548639064685525,0.16810281620115716,0.5823905711219377,0.09613169902969476,0.758
51,0.7216178622584689,0.13768168004948386,0.076234799792228,0.023633931978557732,0.040831725921261434,0.09805852167835528,0.17346659698221717,0.6057033218462242,0.09934260954905416,0.969
52,0.012870265733763207,0.3700753619333343,0.39871834275936935,0.006673445403728413,0.21166258416980488,0.09979635618315412,0.20138664863956884,0.6067038173400168,0.09947957299473531,0.974
53,0.7130742713731363,0.034232330597696085,0.12464624616441111,0.11705751155517573,0.010989640309580774,0.09497931084785873,0.1617275959634964,0.5809954829678243,0.09593835360163427,0.704
54,0.08291767198486542,0.1397009143685757,0.5224202727663255,0.1848724991369363,0.07008864174329711,0.09557042107784469,0.18862699566836053,0.5742607787364794,0.09500306576855877,0.708
55,0.5330998529057631,0.08990965947033785,0.29474091179857465,0.08220310824245343,4.6467582870904585e-05,0.09900038145311159,0.18108204723838456,0.6052514535343801,0.09928072837713575,0.968
56,0.0063461683059371,0.07905388364309572,0.635776475552622,0.12288711525453798,0.1559363572438074,0.10042795338542074,0.2075296956145163,0.6054832041551079,0.09931246724023013,0.969
57,0.15536456035972607,0.2777140559769056,0.2961066827845265,0.00546334259300164,0.2653513582858401,0.09871046225652534,0.18467186336857172,0.6024070560072873,0.09889088167453708,0.959
58,0.0489749626572988,0.03701358454533395,0.7556725223363469,0.14068926377399063,0.017649666687029848,0.10305054581515209,0.22617831131460966,0.6160370386227801,0.10075397404653974,0.983
59,0.514947008498889,0.411602719926902,0.05617457963111346,0.0017380465727218843,0.015537645370373599,0.09647562247999422,0.17981237456699747,0.5921652181602686,0.0974825570120208,0.87
60,0.3524551532020681,0.22043824746027957,0.22430949579053713,0.03307157744724235,0.1697255260998728,0.0976440679416582,0.17557353022156755,0.59808466348656,0.0982974031353363,0.934
61,0.30602302602211007,0.10199139114823122,0.1845071607524478,0.06645541508081883,0.34102300699639215,0.09468241560039545,0.1582190754739962,0.5793998783141436,0.09571705117275409,0.62
62,0.24961840025196216,0.6362620983559168,0.10625708978177226,0.005944381839508449,0.0019180297708403667,0.09488511406428606,0.19030256506080306,0.5764561960648665,0.09530830729476114,0.622
63,0.19813726356043818,0.18782439104519832,0.4222899730610244,0.11875441218087968,0.07299396015245938,0.0971946734139904,0.18668833386265538,0.5892303414082588,0.09707765511404132,0.862
64,0.004629044964792899,0.3343472576079207,0.4249516358901091,0.06891093112011099,0.1671611304170662,0.09756908944649564,0.19578844098594814,0.5918853477037755,0.0974439712497508,0.889
65,0.4759560021755409,0.15504071766512564,0.09623820697898888,0.0019564318244419425,0.27080864135590266,0.09707747576413023,0.16572399208073843,0.5981804472350516,0.09831056846038022,0.941
66,0.27937337555089975,0.0665256174029956,0.40074334419303875,0.1189173724159063,0.1344402904371597,0.09746103560161919,0.17837139383813333,0.5938178961719617,0.09771030130008262,0.916
67,0.2322688663962914,0.1418265541039876,0.3456961179147859,0.1107526046225603,0.16945585696237464,0.09598122440381734,0.17363451278448683,0.5831991282585117,0.09624369464352678,0.788
68,0.2769297835287168,0.2867382978391108,0.27287177964012405,0.04611579589737116,0.11734434309467708,0.09751588151090856,0.18208467082684815,0.5921416101885321,0.09747930238862335,0.904
69,0.3206856089401178,0.046734641135685935,0.22008627074620865,0.005399843515105473,0.40709363566288204,0.09846601989987663,0.16853343019139413,0.6053261150932269,0.09929095387616527,0.973
70,0.05415250733089155,0.13798977747599026,0.4325688638572686,0.05720331131118128,0.31808554002466827,0.09878159766073746,0.18679325922351692,0.6020402810218799,0.09884057203668295,0.959
71,0.12452450439958887,0.34485527282135703,0.3535358973488601,0.10569165421259685,0.07139267121759695,0.09532751803815051,0.1857543763049082,0.575422635480532,0.09516464780108502,0.671
72,0.0002469622617696627,0.44705244014607093,0.3152692158345763,0.039899898524005294,0.19753148323357786,0.09608870458490186,0.19028444572348963,0.5824782350622456,0.09614384383089458,0.774
73,0.0950649364080201,0.16467626422408643,0.3131178345046958,0.030259312085460382,0.39688165277773746,0.09741692618285189,0.17591064762634243,0.5932715068317947,0.0976350280243421,0.898
74,0.38364477638560746,0.07562813038369703,0.25389043244223847,0.05426517425831073,0.23257148653014628,0.09774177573328804,0.16975380216010516,0.5985739863049209,0.09836465316070298,0.939
75,0.007929356684254577,0.34538052824018867,0.46812747172834573,0.005366521903882092,0.1731961214433288,0.10154098687437649,0.21057149574985343,0.6165889232270916,0.10082914635876739,0.989
76,0.19355459090739308,0.14020909717055505,0.4449203080685519,0.11413742199853427,0.10717858185496584,0.09792236962085368,0.1872487997645036,0.5920374774657958,0.09746494606539957,0.896
77,0.20737595103821563,0.1976670299421835,0.37802176712053415,0.09284852924969134,0.12408672264937544,0.09734611987215941,0.18339676273450511,0.5905520263860562,0.0972600715837535,0.882
78,0.11979428644636589,0.19089324925863435,0.40493036724534837,0.03915789117392434,0.24522420587572696,0.09955909694277076,0.18982461573274922,0.6039859561617791,0.09910735046076513,0.965
79,0.02717379592268315,0.1409134897816706,0.37586982566135996,0.07593496907103328,0.38010791956325307,0.09625140999256435,0.176052965503035,0.5826042480115263,0.09616130049046534,0.798
80,0.4332820686499941,0.40146145414483075,0.08642885276015502,0.023608553235336224,0.055219071209683855,0.09543115710991368,0.1755261598620098,0.5800704597090619,0.09581007925557072,0.711
81,0.21306022220107884,0.01236567191139342,0.522761403243246,0.17048543462981774,0.08132726801446395,0.09752779274475014,0.18656736261951073,0.5877934512488121,0.09687920049562049,0.873
82,0.22785779627210562,0.21122650030357776,0.4555768112214996,0.07505672384195071,0.03028216836086634,0.10029044567037078,0.20002548405703444,0.6081234022518817,0.0996737909054235,0.978
83,0.0629471670355523,0.17947678416719987,0.4983146858782059,0.17674858531590543,0.08251277760313652,0.09513365247809492,0.18739358542944148,0.5712588758611935,0.09458514225989956,0.645
84,0.35156587531685174,0.06983936364592461,0.3845279048222563,0.10738300101135748,0.0866838552036099,0.09829662132821385,0.18069074527714565,0.6008301672930356,0.09867451828305618,0.961
85,0.2690102117003518,0.05753968884011815,0.4933455228152058,0.10667498245460184,0.07342959418972254,0.10022336597692659,0.19370950261701625,0.6098319972239834,0.09990736739610173,0.974
86,0.38786046254832734,0.2827715117895413,0.1844095291378702,0.06831100556466617,0.07664749095959497,0.09541484760352006,0.17205252749569552,0.5809363503043935,0.09593015538423577,0.698
87,0.1668089794181482,0.5796272106960457,0.15611760236356978,0.0151823824540827,0.08226382506815362,0.09488782264283699,0.1871229062574123,0.5749549096239214,0.09509961158117286,0.629
88,0.38174424379450284,0.15122820415073204,0.28198761173437814,0.07815682233379849,0.10688311798658863,0.09735007572628357,0.17529913923118967,0.5941565431475582,0.0977569446066513,0.907
89,0.7204356853070475,0.1844285565706886,0.08113593155585931,0.008684907948054144,0.005314918618350396,0.09884193428430452,0.17876189683915888,0.6086212082374515,0.0997418648384929,0.987
90,0.6422901596323114,0.15489368218332714,0.07790790820072234,0.03584627113173628,0.08906197885190276,0.09675751710041305,0.16818677147884314,0.595892810134465,0.09799596370794439,0.923
91,0.1632215472751321,0.05823374894685617,0.18493423033387338,0.0007471044711082865,0.5928633689730302,0.09622195152989828,0.16353743352309055,0.5894656188994886,0.09711013654707301,0.853
92,0.13347193414842562,0.25293648768628124,0.28268717651087394,0.006142844879746881,0.3247615567746724,0.0981254707346675,0.18057094950030966,0.6001870703140813,0.09858623061304694,0.951
93,0.11186538307909231,0.09567885142503631,0.5928757314935983,0.19640612985996375,0.0031739041423093015,0.09710227127443251,0.19807960350905837,0.5780690116568674,0.09553232973883041,0.819
94,0.030440481946697212,0.00414594320484138,0.6815869746218379,0.18837682249683063,0.0954497777297929,0.09886712217265553,0.20514018838679993,0.5880814703400632,0.09691899146843297,0.902
95,0.12401411256569053,0.004949780140986605,0.4576426005417765,0.08596177789630947,0.3274317288552368,0.09881292613386738,0.18194415508646158,0.6013306055896799,0.09874320140468873,0.957
96,0.1932793091931811,0.08615048050046871,0.3288539228139587,0.10341112342849135,0.28830516406390033,0.09550064060799868,0.1674816421121049,0.57906212708444,0.0956701838218208,0.712
97,0.27054315579708454,0.036682223213492286,0.4387632687619135,0.13740575736589278,0.11660559486161688,0.09749125419555353,0.18012005819015486,0.5907180794292487,0.09728298133618263,0.887
98,0.5515141558505677,0.11866577414509286,0.11752006066928784,0.0766583709825549,0.13564163835249668,0.09500351638102292,0.16048865072029844,0.5824084389024103,0.09613417444284056,0.664
99,0.1818253703283429,0.2023125897417383,0.20812793860462162,0.006286239069326265,0.4014478622559709,0.09673857141027929,0.16994435605525873,0.5912459654638623,0.09735579920320614,0.874
100,0.2598872028395645,0.15801525738270822,0.4619547851337373,0.07496269778694158,0.0451800568570484,0.10077442025632671,0.19857025167498435,0.6153729430881848,0.10066349023075416,0.985
101,0.33855748248024525,0.0034844799714028375,0.35923204890561694,0.14219332640297375,0.15653266223976114,0.09596767635930908,0.16818874748193985,0.5848016835343507,0.09646553410881831,0.791
102,0.19361430824035833,0.27255441406849956,0.12089388390293478,0.00437152394061282,0.4085658698475944,0.09476177160264937,0.1642129607041906,0.5780348719560702,0.09552758958243279,0.609
103,0.5924483722046904,0.009592274591751914,0.2173483740803761,0.054119219857436535,0.12649175926574496,0.09892282818047166,0.17177029023255114,0.6081114594307759,0.09967215754241732,0.983
104,0.1974316297295189,0.17085397966453517,0.3068790202299212,0.012945875055955673,0.31188949532006904,0.09906372742552522,0.18023247948669982,0.6056665567044373,0.09933757526201781,0.969
105,0.2428462180070512,0.2099663481580604,0.12200001187326968,0.005191218996124413,0.4199962029654944,0.09524485762207666,0.16264653855284258,0.5830022707395992,0.09621643154766502,0.699
106,0.05555755375199422,0.1275208024248072,0.3187101837887651,0.07469592591336592,0.4235155341210676,0.09516201346613762,0.16858484608608804,0.5765888075930581,0.09532673414628934,0.651
107,0.18763503969540893,0.46667211457715513,0.1306911417665046,0.008516943593569753,0.2064847603673616,0.09476036647940606,0.17622596438185087,0.5760925123613175,0.0952577657641207,0.612
108,0.07630725230088936,0.508826831969917,0.26342208499381864,0.013422052269707826,0.1380217784656673,0.09674463229571752,0.19312776990622244,0.5871951859446881,0.09679652932778149,0.832
109,0.013903943635891612,0.27218532470146845,0.6143047797293789,0.09363576613604509,0.005970185797215727,0.10128304945347134,0.2214508085255992,0.6080981345891869,0.09967033515556989,0.974
110,0.6497124340312578,0.10430525645889675,0.10894460030463175,0.028602592636701504,0.10843511656851226,0.09793362267927681,0.1701238637974285,0.6038121480983765,0.09908352955385125,0.967
111,0.5626414356668339,0.16232222627298387,0.0017621415377248094,0.017211226656440395,0.256062969866017,0.09489596269557164,0.15877251798665556,0.5820287058918758,0.0960815611883008,0.686
112,0.4855284691117649,0.3222285739042153,0.11345443355271605,0.017798980364387554,0.06098954306691618,0.09689069141353811,0.17667194379492743,0.5945873501208384,0.0978162700519305,0.901
113,0.3435535674045965,0.09600963849729123,0.199382546704987,0.03227929973935908,0.32877494765376614,0.0969675308533995,0.16532060677414798,0.5952118539325822,0.0979022462850454,0.921
114,0.07573955374420038,0.2583842226750446,0.338068417289276,0.08528545255491385,0.24252235373656522,0.0953712606047028,0.1774352794504493,0.5784591017730303,0.09558648631637023,0.7
115,0.4916776153064779,0.05194071133930408,0.16599953740731366,0.07067911052492737,0.2197030254219771,0.0958862046146259,0.1604090377347337,0.5864213375211699,0.09668955825735548,0.813
116,0.022905859794602672,0.15268221074030264,0.3977178616955444,0.08703945000290762,0.3396546177666428,0.0962552298902038,0.17828280562383003,0.5814427876420802,0.0960003604681634,0.8
117,0.12818463641075292,0.16455110429302272,0.3152234623082272,0.08010042402013097,0.31194037296786614,0.09555791384090732,0.17073043782581593,0.5795623835453129,0.09573959801821519,0.738
118,0.08921456137412298,0.33630004192196417,0.3256155350476907,0.03274076129236712,0.21612910036385496,0.09755919973177696,0.1874190943172109,0.5938511828693716,0.09771488637162529,0.911
119,0.5410043215135611,0.04813344402416023,0.16713819303072086,0.034063591871720825,0.2096604495598369,0.0980556364066762,0.16730508297177032,0.6043829716347626,0.09916175485580259,0.973
120,0.07939285153762031,0.4602880847138328,0.3508013968547744,0.04169406487924583,0.06782360201452643,0.09768773051717951,0.1997618311370547,0.5915757972031,0.09740128717604724,0.898
121,0.22866316886991658,0.16459136318981354,0.22171754369940422,0.032692298527309815,0.35233562571355587,0.09635841684745533,0.16750184954929406,0.5890354915098819,0.09705075203417657,0.843
122,0.010841167790346627,0.09484040230661889,0.4903624425216716,0.0804775838982361,0.32347840348312673,0.09874598146552463,0.18934429515401935,0.5991469019953363,0.09844337083761534,0.946
123,0.2112648791497856,0.08238323030314633,0.195264364066399,0.03247066079317963,0.4786168656874895,0.09553307815746476,0.16109081207062118,0.5844936813780404,0.09642291174049067,0.744
124,0.24967535385743986,0.10939670375267659,0.3337005538144796,0.059037765195588045,0.24818962337981576,0.09818256795013491,0.17664060961460798,0.6011647979963979,0.09872044688902237,0.961
125,0.4231842794615556,0.07979570542714753,0.31545664597743034,0.11551577499618866,0.06604759413767769,0.09692004906922282,0.1734798238027025,0.5897434368765462,0.09714848599075232,0.86
126,0.5805718435147664,0.23448438384376305,0.08329097667188261,0.05278218512831204,0.04887061084127607,0.09551279452117072,0.16819179183577299,0.5851802108520013,0.09651790690910711,0.757
127,0.07332236349456014,0.22648773102864175,0.5947440005640081,0.0913252858393463,0.014120619073443627,0.10149218578627521,0.2169041040353908,0.6130806089376765,0.10035092811705959,0.98
128,0.22463629176620628,0.30480838422815415,0.258643312308493,0.08849820004994362,0.12341381164720301,0.09473002672312694,0.17410910234529825,0.5731545974917174,0.09484913797430394,0.604
129,0.5162745283044591,0.032725829461443694,0.0754490672495632,0.028156613390127223,0.3473939615944068,0.09578192436172796,0.15699541188475294,0.589584344256437,0.09712652581645242,0.84
130,0.08589376794501914,0.06861288497063386,0.604318120191496,0.10428434043002181,0.13689088646282907,0.1012740953648866,0.20599470732094755,0.6157885609300943,0.10072012214530845,0.984
131,0.255451728824923,0.018574778601855798,0.5293351399250132,0.15939998233173266,0.03723837031647532,0.09861489658144659,0.19117589564378298,0.5942673870659394,0.0977722098950713,0.915
132,0.1387650732073919,0.08476830681359494,0.537853401011965,0.07947882001843835,0.15913439894860965,0.10125743885654331,0.20032387971587684,0.6154950239466247,0.10068012612682109,0.983
133,0.2785270040072695,0.07486255716791114,0.47053016238994144,0.1732376153915381,0.0028426610433400328,0.09675283140720206,0.1847997140934827,0.5862220896262436,0.09666200894756471,0.835
134,0.31272256083208505,0.10625329136688517,0.31726581744572496,0.12476846906623967,0.13898986128906507,0.09544428993648318,0.16893975743197145,0.5793595145338134,0.09571145059811981,0.72
135,0.6014453124014693,0.20186225842445965,0.06811955683783474,0.04170851625171633,0.08686435608452,0.09584055881363332,0.1667789446879308,0.5865403651727413,0.0967060144738856,0.79
136,0.528319242142439,0.27986258610568443,0.09513606731310281,0.055571160642599,0.04111094379617487,0.09516089187533501,0.1693634554381501,0.5823544282696215,0.09612669170864518,0.708
137,0.24414771425160864,0.3297164027131765,0.3028589925316633,0.03130233050857918,0.09197455999497241,0.09860434708292161,0.1900131864809644,0.6005522374046234,0.09863636611669935,0.952
138,0.13087365022256695,0.3535587490130577,0.34195659802902495,0.022344580631717795,0.15126642210363256,0.09885214532452398,0.1939047964407924,0.6002735107068446,0.09859809924705654,0.953
139,0.3659396462468886,0.3536629564359641,0.21469040980484924,0.025605221798224075,0.04010176571407401,0.09787442172667003,0.18554401181507296,0.597496643912306,0.09821656693689396,0.931
140,0.43309895866537484,0.2134863148512987,0.30201517468181466,0.04539924128090574,0.006000310520606042,0.09983840309605836,0.18933575665918803,0.610074327124525,0.09994047947187057,0.988
141,0.42367737438600894,0.17086524427435854,0.30006590340552214,0.0672400844129848,0.038151393521125676,0.09871261753041384,0.18288358077883538,0.6018128396048302,0.09880936981866961,0.96
142,0.3714918498520408,0.05997652915861386,0.4170981199270367,0.1208212215240588,0.03061227953824981,0.09870541652811368,0.1848746894983516,0.6013005790533806,0.09873908086893457,0.956
143,0.1316331628662236,0.34166112344240457,0.2802876550948334,0.0014252627680452572,0.24499279582849323,0.09825938618147106,0.18636082526901343,0.6019066787858173,0.09882224385146876,0.958
144,0.47279579469275756,0.21065245225697596,0.1659919390115601,0.005138554001312868,0.14542126003739364,0.09864652149215752,0.17650461305823836,0.6065121253501007,0.09945333648694321,0.974
145,0.28824089749440646,0.02091960104164008,0.24718941344525439,0.06641452925116105,0.37723555876753795,0.09607349049477318,0.16166791962036428,0.5874861700535262,0.09683674202018855,0.824
146,0.2588489410707977,0.0074784047332430255,0.49061931639511125,0.2034439232133745,0.03960941458747348,0.09569899577598391,0.17949244259594266,0.5771113842800427,0.09539933599885853,0.711
147,0.06250897004939072,0.2879296793697681,0.25312020931618856,0.029223180003484076,0.36721796126116857,0.09563805183324185,0.17403176264958237,0.5797119157488928,0.09576034327706617,0.737
148,0.20550506907211308,0.08261466469279907,0.5718747278248084,0.12895176872127417,0.011053769689005129,0.10054908929388401,0.20394434777025214,0.6099952127418239,0.0999296696824079,0.976
149,0.13396582573650007,0.1731311084948773,0.39191896504108126,0.06193488559085393,0.23904921513668742,0.0983505625318036,0.1845827697207025,0.5974078440169548,0.09820435737325828,0.939
150,0.057461689617606934,0.034716137718582334,0.5282791897935487,0.18568900843560102,0.19385397443466096,0.09542559126141273,0.18162292636368582,0.5722783496823614,0.09472714449990449,0.675
151,0.19702622037606882,0.03611545305421209,0.28773397969884085,0.09855459233246022,0.3805697545384181,0.09472865504127101,0.1606322852464732,0.5764232213136208,0.09530372514128915,0.602
152,0.08142838534740118,0.07152492094228248,0.4451710649376847,0.05403617793892346,0.3478394508337081,0.09951193246966455,0.18614338561023874,0.6080473231353181,0.09966338575944445,0.978
153,0.23558908924391314,0.07253663795379864,0.4744342252792486,0.13295519728639132,0.08448485023664834,0.09823376264653275,0.1873017379295983,0.5942833077662043,0.0977744024046392,0.922
154,0.19960297940447516,0.349972783198436,0.31292103007167094,0.08616435478371201,0.051338852541705844,0.09594165958056948,0.18513202639504844,0.580647553653404,0.09589011277433301,0.773
155,0.498792723521196,0.28444315225049244,0.14046199882540553,0.010461840910084619,0.06584028449282135,0.0980286943648933,0.17906812062624183,0.6016208653935863,0.09878303051484605,0.962
156,0.2725941428215745,0.12519013249916192,0.20648727103112272,0.021576838825923508,0.3741516148222173,0.09691716545682723,0.16663315435718049,0.5939889044877473,0.09773385600283357,0.9
157,0.24399010941209112,0.32652299714979466,0.17036895134971775,0.028566342631350747,0.2305515994570459,0.09541363945945308,0.17131722904563937,0.5816943064872511,0.09603522068715842,0.744
158,0.0011718357278246456,0.08087381805531103,0.7136444661384018,0.19506738748512006,0.009242492593342524,0.0990747975739079,0.21488362657016233,0.5904303095345491,0.09724327752391959,0.908
159,0.12003265035264082,0.061093663813112334,0.6330385041684132,0.14047115331212756,0.045364028353706,0.10070508720869102,0.20836735904764425,0.6054018665559756,0.09930132825744842,0.965
160,0.0014313793321620012,0.21037988690446724,0.4040677735368553,0.05961485882607777,0.3245061014004377,0.09743333948456949,0.18519462156683753,0.5900695127495464,0.09719349002018629,0.892
161,0.0981100920272741,0.4710425999300722,0.2397791119357846,0.026404353136183986,0.1646638429706851,0.09578738282753907,0.185964096746133,0.5791785722867474,0.09568634300527101,0.739
162,0.6912904007899199,0.1216669359215477,0.0861044317127741,0.056167991162712,0.04477024041304614,0.09653795519839652,0.16785014636348078,0.5926933488394064,0.09755535565279949,0.871
163,0.016699908714234657,0.013717612953311217,0.4451523597406825,0.04694909395664586,0.47748102463512576,0.09918309885261035,0.18333532014586318,0.6065147229975277,0.09945369203860555,0.977
164,0.5055328343429001,0.11050002480893256,0.1760494971334741,0.005826213491214872,0.20209143022347825,0.09919438616466118,0.1733723241705217,0.612174007791439,0.10022721405701773,0.986
165,0.02139864435348802,0.2282706096807822,0.39741946155570124,0.05760053454123131,0.2953107498687974,0.09755744892807203,0.18600494025643102,0.5922747175370834,0.09749765222310836,0.89
166,0.4244754961439211,0.38131577272513517,0.06546086576031311,0.01790927726877799,0.11083858810185265,0.09507535912835204,0.17151807734351204,0.5819853104589,0.09607554796545048,0.7
167,0.3369234891006993,0.17343231544210921,0.15753467761588108,0.010010336420160611,0.32209918142114985,0.09685713669249679,0.16682947539898785,0.5955137523220789,0.09794379936534559,0.91
168,0.3857362787215798,0.07797615588591054,0.33018989883186556,0.14459387515482522,0.061503791405818985,0.09560538587604532,0.17043039000086269,0.5801073214533943,0.0958151920774446,0.735
169,0.288581390988961,0.22939224014058562,0.22397879513188354,0.005791901959256699,0.25225567177931324,0.09822464820002015,0.1766991562855203,0.6006340137331896,0.09864759231854325,0.952
170,0.36081937515021245,0.22399168581869092,0.249126306470018,0.02323541443022165,0.142827218130857,0.09879075776389261,0.18082176100881714,0.6064823019086509,0.09944925438570351,0.977
171,0.00211586027068308,0.18281656362081256,0.34842000629676095,0.08678408738246704,0.3798634824292762,0.09482637482791482,0.17262908124414872,0.5724336738945839,0.09474877310181129,0.604
172,0.24409868820671202,0.1394534140595955,0.42473469680826365,0.08759051061178767,0.10412269031364128,0.09911778132474329,0.18895702747341883,0.6035885296651867,0.0990528789510885,0.97
173,0.7514016061814861,0.032694131934711095,0.030865548244758696,0.049854139768129115,0.13518457387091504,0.09604221847836804,0.1616556950912705,0.5913996324229751,0.09737699276083522,0.839
174,0.0019131329544376625,0.011658079084610824,0.6492075068017055,0.18891749356831647,0.14830378759092971,0.09774803178901278,0.1988538283113985,0.5845888441034329,0.09643608138416959,0.86
175,0.49744223228809903,0.03706686538881126,0.33333251126014074,0.07944448322631861,0.052713907836630415,0.0997327333592002,0.18147136915070758,0.6109555567494183,0.10006085751673766,0.986
176,0.38881175861606393,0.16572289870534263,0.2511864543637159,0.0838721475474864,0.11040674076739121,0.09639353230561666,0.1715081034556538,0.5888609857119076,0.09702665564010227,0.847
177,0.14117206141933913,0.06820296043667592,0.43264652642797463,0.061820514093198414,0.29615793762281206,0.09944596064069884,0.1847972755285635,0.6079364733636299,0.09964822441502363,0.981
178,0.061309401721929,0.2885314465890124,0.5109287751732663,0.09975277619322244,0.03947760032256993,0.09889743846785598,0.205711758443996,0.5968129837400176,0.09812255290706484,0.93
179,0.07738032346552108,0.14533813732217896,0.3945342147137882,0.05115690542045137,0.33159041907806047,0.0983350978585796,0.18297241151610522,0.6017603124690565,0.09880216322566215,0.956
180,0.5432039478136991,0.14506999765214296,0.16984654315238032,0.09141202835384306,0.05046748302793479,0.09556466178102357,0.16654258218756957,0.5835972414022776,0.09629882164864623,0.769
181,0.06389472533936247,0.30070813913738853,0.5129055858446863,0.08765987337962407,0.034831676298938616,0.09951689259742767,0.20836317598515028,0.6031257722162413,0.09898943953198258,0.959
182,0.0008191126819237318,0.34255314254509067,0.46429803446881224,0.08192077449271087,0.11040893581146238,0.09792920713636753,0.20143055318872524,0.5894702816249647,0.09711078022471176,0.893
183,0.007008168632638828,0.36818143419917043,0.36832225606811275,0.030602974877596813,0.22588516622248134,0.09790100421853737,0.19369322257892604,0.5930605578941817,0.097605961138298,0.909
184,0.4469305526551436,0.19074811894580787,0.12582761644470555,0.05133357803878408,0.18516013391555897,0.0953049849259238,0.16333749281945312,0.5840637792931568,0.09636340936892873,0.703
185,0.0375652002674051,0.12496220355307322,0.5985907159110402,0.1644478144246546,0.07443406584382699,0.0979402682513406,0.20125519746310652,0.5895804553210423,0.09712598898953062,0.891
186,0.255694354217137,0.351738917040251,0.3387158265834307,0.007253410836565429,0.046597491322615994,0.10069843571911169,0.20060723196845923,0.6146005494605398,0.10055821322759484,0.989
187,0.7637901271437021,0.1292150612998621,0.07021662387232702,0.02587061087336773,0.010907576810741068,0.09822913937894365,0.17485889267700508,0.6045909326483407,0.09919024817017674,0.978
188,0.16343958440193865,0.28884945934963135,0.19937037728364657,0.0007940926540768534,0.34754648631070656,0.09658292110667709,0.17353013334327283,0.5904758865967344,0.09724956620586389,0.865
189,0.09850352547804674,0.11534840494536723,0.22810854779825762,0.04514850696736583,0.5128910148109626,0.09465606613620543,0.162256287687799,0.5775020028863695,0.09545359227794425,0.611
190,0.044296038586108005,0.007983190824949327,0.6097162980534524,0.22549756295509227,0.11250690958039809,0.09553847750421825,0.18951035117539006,0.5705756829844272,0.0944899392505103,0.688
191,0.035602177668979565,0.05557483528315275,0.6849308948822129,0.1640013208922456,0.05989077127340918,0.10009923470859405,0.21179296956117544,0.6007430110449892,0.09866255468613994,0.952
192,0.235751750946437,0.3490217663118237,0.3020923637950972,0.08511498738851238,0.02801913155812975,0.09607965217185872,0.1852229685713019,0.5805876010280394,0.09588179941111141,0.765
193,0.01938797141317467,0.4630143725379686,0.4344132732301888,0.03512893239135719,0.048055450427310596,0.0994734095872754,0.21199551544214207,0.6026634897064646,0.09892605059323456,0.959
194,0.06170630751004905,0.43029197259848756,0.355463638996628,0.04039022106739577,0.11214785982743969,0.0976860941019834,0.19737797398210769,0.5914361866171771,0.09738203402920442,0.892
195,0.311936148789893,0.021771669996739348,0.2707792293401172,0.05063286518806499,0.34488008668518544,0.09761036328793893,0.1672089915308063,0.5985777371759031,0.09836516859762034,0.943
196,0.00020883458623730314,0.24439432660356494,0.3841357723165334,0.06568582224521825,0.3055752442484462,0.0966496206527409,0.18356433500946495,0.5850854134488909,0.09650479173949722,0.828
197,0.1683001704508043,0.14125973239806885,0.337359653568448,0.0329080123963793,0.3201724311862995,0.09863613248588217,0.1794209460986889,0.6018137439608602,0.09880949389242288,0.959
198,0.5955128338795939,0.20868547051370692,0.12435534012323213,0.042677312735846414,0.028769042747620474,0.09714353276876364,0.17372334249235755,0.5936691109265991,0.09768980596045429,0.908
199,0.10287294384295056,0.31113194884225404,0.2714768322109946,0.03396425224015818,0.2805540228636426,0.09628725889289726,0.17827970261442178,0.584374708096359,0.09640644604530135,0.776
200,0.19800576619968138,0.2970899778789668,0.4125008477015821,0.07555172748327757,0.016851680736492184,0.09889275111778888,0.1981671498446177,0.6017660674139012,0.0988029527990717,0.955
201,0.1287551578211192,0.38827164292955013,0.24881340990821718,0.03134428690811364,0.20281550243299984,0.09609739391505151,0.18155099855376516,0.5836086035736228,0.096300394813714,0.794
202,0.21174925571988162,0.10252559234177525,0.273668106131327,0.05790504419000924,0.35415200161700683,0.09635346822193157,0.16724390880842968,0.5904195290849886,0.0972417900261262,0.859
203,0.028333275786890284,0.2516565936995488,0.5377368581253283,0.13514427705503884,0.047128995333193834,0.09764526174352536,0.20263127625381924,0.5864291277867482,0.0966906353339092,0.863
204,0.13045257525784468,0.24422947392853586,0.29324011351219265,0.06249120750442226,0.26958662979700454,0.09582342425268427,0.17448919904842738,0.5836920610719492,0.09631194975973867,0.78
205,0.1019627747334504,0.1125309990247926,0.5678116485481275,0.18783498146476915,0.02985959622886017,0.09676234479512305,0.1951746531561957,0.5796800465533185,0.09575592205543249,0.788
206,0.17770249820308515,0.31809653305095364,0.3469926624180461,0.12374252438653498,0.03346578194138009,0.09488342794508792,0.18302876431636453,0.572993858504429,0.09482676355096586,0.626
207,0.5264541167009602,0.1302347092953018,0.018111045330202087,0.015856215481374617,0.3093439131921614,0.09500378760360279,0.1574781028424423,0.5856540617704553,0.09658345452291806,0.689
208,0.020096081135131748,0.5828704059490557,0.34912152301964633,0.004149697262662044,0.04376229263350407,0.09874226251002267,0.21172161382501828,0.5977776550716349,0.09825520105852048,0.935
209,0.4617970256798109,0.17138622949613494,0.2610178112943848,0.04712538157557283,0.05867355195409632,0.09902277336825695,0.18145294105513798,0.6036090759451247,0.09905569530103997,0.965
210,0.5064999066933625,0.2472064199895562,0.12993473026227292,0.08055897072276622,0.035799972332042004,0.09468821364096595,0.16735213280091543,0.5771972284915114,0.09541126053962268,0.617
211,0.32528351021549334,0.05235042937574372,0.1879151499731006,0.040115627738062785,0.3943352826975995,0.09614551060326962,0.16075818460432947,0.5900903635609954,0.09719636753647132,0.843
212,0.6867930908521237,0.04598711870136682,0.014891144301968706,0.04818005002941216,0.2041485961151285,0.0950721072647469,0.15724725706717513,0.5852069896673426,0.09652161163011375,0.716
213,0.36040485285383894,0.025548240516083096,0.44111321071472387,0.1336392406649875,0.03929445525036666,0.09861811296648205,0.1845137625953835,0.600075056173959,0.09857084983163289,0.951
214,0.2160650251389686,0.04649227504494156,0.2583483867047538,0.033257746862626496,0.44583656624870954,0.09712276131019035,0.1665691077453501,0.5960016378319906,0.09801093828676466,0.919
215,0.13192260306055822,0.030810976671158154,0.4966526091579417,0.18860898861300907,0.15200482249733283,0.09524813677196871,0.17827398918537207,0.5715343377308899,0.0946235185367561,0.629
216,0.15508524187534706,0.09536670243071059,0.2969521877011053,0.08257939998924138,0.3700164680035957,0.09525858411176526,0.16531116831712248,0.5804717435266354,0.09586573325320202,0.702
217,0.20214183872874522,0.027729252911354047,0.37305577180778415,0.12245449098088533,0.2746186455712312,0.0958373605883422,0.16870692133103365,0.5826510559153124,0.09616778453797692,0.77
218,0.18801122427848643,0.4253404458438759,0.3620864554369594,0.021354897556676748,0.003206976884001544,0.0999713032386584,0.2057965437294695,0.6079796605408607,0.09965413138875534,0.978
219,0.45127352409556076,0.07270175217758013,0.20146622114655416,0.05098916470902728,0.22356933787127767,0.09725487835771324,0.16630462811733893,0.5962587017785589,0.09804630677701409,0.915
220,0.38896085570254546,0.153376729428993,0.3674529938367649,0.06439559942378757,0.02581382160790914,0.10017813142887415,0.19052640815585298,0.6097240817448047,0.0998926204891335,0.988
221,0.1553388437931844,0.5857972244368478,0.15833959817046434,0.0023582715183359955,0.09816606208116736,0.09540575617386832,0.18888359377025166,0.5781842930789299,0.0955483354817579,0.687
222,0.3616214439340637,0.02875537494903498,0.15173538889877958,0.05132887832288424,0.40655891389523746,0.09509979963728032,0.15582501177993696,0.5835722104046178,0.09629535591556415,0.691
223,0.3015883809707285,0.27485417859815564,0.3374480256268427,0.06347044944514126,0.022638965359131825,0.09859591422534701,0.1905170956445491,0.6002747882928084,0.0985982746612033,0.953
224,0.1046784967835366,0.4966637729907523,0.29373997543496133,0.057871892359862835,0.04704586243088695,0.09578604919751557,0.19318560283507524,0.5756992852667248,0.09520310805670684,0.725
225,0.11813787716232388,0.13980282872816566,0.26070080047223476,0.014891570166216865,0.4664669234710587,0.09702877812594934,0.17092934532627202,0.5947744457862558,0.09784203057566687,0.911
226,0.39189145884789867,0.057755339505580844,0.03615934743404296,0.0020207572159501802,0.5121730969965272,0.0947319641996123,0.1548621042233841,0.5836204436396607,0.09630203413674177,0.677
227,0.0028688638941832645,0.19362509614168485,0.4463994129084424,0.09362574604815989,0.26348088100752975,0.09697551538948572,0.18667752098212556,0.5856268287266091,0.09657968781097548,0.827
228,0.29934005007135234,0.09189180739324251,0.32742193495381455,0.1094117686994779,0.17193443888211243,0.09625541928308236,0.17072889943379221,0.5827576908548263,0.09618255553058441,0.798
229,0.31365322502847925,0.08957848186532014,0.2322349260472183,0.07315202930911463,0.2913813377498679,0.0956505640825551,0.16265708956323968,0.5847332841529496,0.09645606934615181,0.801
230,0.044748795544856695,0.10649844731398331,0.519034899778942,0.07592882771771378,0.2537890296445042,0.100006563202625,0.19586486893194163,0.6100921328265323,0.09994291229443508,0.982
231,0.3333952676015244,0.21248914079244377,0.14372550082955368,0.023406539057740476,0.2869835517187375,0.09587379593915576,0.16536029207907543,0.5871177880023508,0.0967858322879771,0.802
232,0.05273334437389032,0.3110019625746531,0.4971798778242714,0.04563428240794768,0.09345053281923747,0.10090328768098804,0.21021193279138561,0.610356349387046,0.09997901011175458,0.981
233,0.7429767496110499,0.2219816004095731,0.012613892870852149,0.014507172784813595,0.007920584323710992,0.09709229204256516,0.1741502232871884,0.596826761568589,0.09812444789316799,0.928
234,0.05532630560774896,0.19119072924243116,0.5048469579361183,0.04499271044510167,0.20364329676859963,0.10114976503445085,0.20275321605516536,0.6154949946870746,0.10068012213975774,0.986
235,0.19488393837909948,0.013257805072785046,0.2626644665939525,0.0667205442636934,0.4624732456904696,0.09551302655677359,0.16115517088947925,0.5839755049966361,0.09635118980209945,0.731
236,0.2407087070453509,0.3627227139799595,0.22270799763336865,0.0728555657755301,0.10100501556579099,0.0946962865513889,0.1757320651619706,0.5730014244510712,0.09482781675087426,0.619
237,0.065316568728252,0.4781830471826841,0.31985205878116635,0.012161398252808037,0.12448692705508951,0.09810220423543531,0.1989151325121127,0.594315676757267,0.09777886002657765,0.904
238,0.2507025858650853,0.2130504669810839,0.33523401877942005,0.11180375206107918,0.08920917631333156,0.0958567074853878,0.17762420889343647,0.5810173638093079,0.09594138712334854,0.747
239,0.7037364563477989,0.08124011435784899,0.014076131586186365,0.06254888903149776,0.1383984086766682,0.09457456784671527,0.1578846590958989,0.5813791023172489,0.09599153305260599,0.626
240,0.23316981473015272,0.45280260526794397,0.2288180911532452,0.04368249838823243,0.04152699046042567,0.09608643799866218,0.1869162131744487,0.5831151648578149,0.0962320667567238,0.772
241,0.11864491874596848,0.1358330175577177,0.48621757906245267,0.17732374902386697,0.08198073560999415,0.09536231995794697,0.18423661984840653,0.5699480733742109,0.0944024525747218,0.65
242,0.023694099079568754,0.36385492350949905,0.29093591507677846,0.03062367522417983,0.2908913871099739,0.09613227348262705,0.18255834258760376,0.5843279100671758,0.09639996900842052,0.785
243,0.35119098185860037,0.15899376179890046,0.07726142519495537,0.014492670897999951,0.39806116024954386,0.0947912752580499,0.15793119727764507,0.5810903796490252,0.09595150966903288,0.648
244,0.023104695327793235,0.06411486057987356,0.6636796244463831,0.1312133921297886,0.11788742751616166,0.10091843491859703,0.21118560994480629,0.6091539357421077,0.09981469555136813,0.968
245,0.07443123988988602,0.08451879830008971,0.4038954884106131,0.02975016687079322,0.4074043065286179,0.09950294209997851,0.18378697433014615,0.6087232564146882,0.09975581763290875,0.974
246,0.1564365925168226,0.07513253935355743,0.4171229854518801,0.0387547748601942,0.31255310781754575,0.1002484756927565,0.186078006940458,0.6122208342516984,0.10023360532087744,0.987
247,0.6826537328559705,0.18487583282577494,0.020664689402574748,0.03084446527012506,0.0809612796455546,0.09595515362646843,0.16672509894714346,0.5899041217648644,0.09717066416750697,0.822
248,0.27390025034988325,0.005302366934616558,0.5118643955195412,0.13501100497130897,0.07392198222465,0.09946011716777846,0.19058236529563458,0.601518667106599,0.09876900764436791,0.952
249,0.25089891297320394,0.2946821818194917,0.253207431100132,0.031775108912221184,0.16943636519495128,0.09740929500618539,0.180277112660938,0.5928990059114251,0.09758369863086491,0.902
250,0.3835503964110443,0.07608531626992236,0.2838986214283973,0.07863990487528086,0.17782576101535524,0.09739417378043273,0.17087929696485205,0.5946521698138646,0.09782519511415266,0.915
251,0.6143980129512662,0.10347963008781214,0.10769357744824154,0.06200068416761571,0.11242809534506432,0.09604628877817598,0.1638213024591897,0.59035726323136,0.09723319836016797,0.838
252,0.4790147426260023,0.14059025981641832,0.21642023907679633,0.042829922415518855,0.12114483606526413,0.09827330689448158,0.1745117252357842,0.6028259882376581,0.09894833432631489,0.965
253,0.31367482098441046,0.09681997996942032,0.40513956154529057,0.12503563991857522,0.0593299975823035,0.09763863345214048,0.18207734670552062,0.5932580252255812,0.09763317047109554,0.907
254,0.23103964408585728,0.027027184906461308,0.45043166753244035,0.1665267445826703,0.12497475889257059,0.0960774846229494,0.17658657523865925,0.58212026937896,0.09609424853412829,0.757
255,0.1579834837911164,0.515751318199893,0.2680751125842853,0.049952209299470675,0.008237876125234685,0.09603386323404212,0.1941798495926556,0.5826703123970838,0.09617045199043295,0.772
256,0.18880987363088392,0.2625215495016666,0.3359424671596816,0.04868495064460028,0.1640411590631675,0.09809583763629387,0.18563927682786643,0.5954821428433739,0.09793944895393425,0.926
257,0.38904010475819945,0.10674802092684861,0.21983909964388376,0.0927917742528771,0.19158100041819118,0.09521074869729963,0.16251069501965343,0.579898300176574,0.0957861990073976,0.703
258,0.4739790592900422,0.23860229886126266,0.19451923003457483,0.02573157014404547,0.06716784167007481,0.09844485068728276,0.17989465044977548,0.6032871857627632,0.09901156937882649,0.964
259,0.28897538602776485,0.23308250475487743,0.14320173699267788,0.00423087161153432,0.33050950061314555,0.09627940806257555,0.16733118221735363,0.5916058581132023,0.09740543258115708,0.876
260,0.5083216961794829,0.08596322658840014,0.24404226595376893,0.08410930199455677,0.07756350928379123,0.09739935502088398,0.17167348945584238,0.5958777435796262,0.0979938905011768,0.917
261,0.3242834803408256,0.04504988901616345,0.33594103820967214,0.09795463579018106,0.19677095664315777,0.09723340214809191,0.171618825980385,0.5921157085331414,0.09747573151082078,0.893
262,0.33795025472207046,0.010065629391468926,0.5057593369420128,0.1213601809476906,0.024864597996757106,0.10056227782812495,0.19441850837698055,0.6105691444708757,0.10000807917520449,0.982
263,0.16749202363021998,0.11409165962686707,0.21111773742251977,0.03971656178523135,0.46758201753516193,0.09516561839152979,0.16202219122916933,0.5817886232075561,0.09604829173145868,0.698
264,0.2752875147878304,0.14430641142942283,0.2290020536080356,0.06684356300545205,0.28456045716925904,0.09546996615283385,0.16445176364209804,0.5820345657821739,0.09608237317207413,0.742
265,0.1407541551071196,0.5286064934139809,0.2245199189886277,0.03784667055443845,0.06827276193583337,0.09531743935083715,0.18902506030445523,0.5772579825914909,0.09541969952222318,0.681
266,0.2997871553905283,0.31761105697221614,0.24849710190206314,0.02387527091121365,0.11022941482397872,0.09813591191045223,0.18443085667110296,0.5996101567636039,0.0985070047882588,0.948
267,0.08251404288021251,0.14627757917568476,0.5592361982096015,0.1286887359912761,0.0832834437432251,0.09901505226443474,0.20108419825135965,0.5928449199506681,0.0975762449662052,0.92
268,0.10892744397599029,0.22376915023475433,0.4670211830472682,0.1720762673256879,0.028205955416299264,0.09502137198628566,0.1877317324210151,0.5682430256048245,0.0941646332920385,0.615
269,0.697485703575218,0.14953465279060668,0.006637360742796167,0.05198279316673868,0.09435948972464044,0.09480156536181884,0.16160090053173842,0.5825990984029547,0.09616058713348008,0.65
270,0.19865562639771922,0.45814532340350883,0.26180832846955393,0.032529922661155605,0.04886079906806253,0.09706791795596406,0.19192657142001604,0.5898196109824825,0.09715899997700816,0.882
271,0.05186021150363338,0.0427910048149205,0.27934852342175015,0.03979584247682811,0.5862044177828677,0.0957115022891228,0.1660937662795991,0.5845197709682142,0.0964265223621501,0.759
272,0.031533513098711836,0.5002937168686672,0.4353168259009363,0.022735986327742496,0.010119957803942262,0.10017513639376212,0.21725942045007224,0.6034853361523888,0.09903873342126923,0.963
273,0.38355999336308616,0.19323235989317586,0.1295399355953616,0.006363458154311545,0.287304252994065,0.09678774270657091,0.16686672593483404,0.5935170471383113,0.09766885741595832,0.906
274,0.6000731401230371,0.022645533978840067,0.20816803878946305,0.059481352609418316,0.10963193449924148,0.09852827150354311,0.17111477308689538,0.6068467899940314,0.09949913975196423,0.975
275,0.07378271707302506,0.014633892597844781,0.4594620161470505,0.07226019908034481,0.3798611751017348,0.09897266861579097,0.18314111665056948,0.6022280012395235,0.09886632231603754,0.958
276,0.1105545813600282,0.33098122676633135,0.33655602633592596,0.09004567178873159,0.13186249374898307,0.09546739124150552,0.18303729460680732,0.5764393553631784,0.0953059671296077,0.708
277,0.6280810246811194,0.07196130095511082,0.01679979229663166,0.04394250973227637,0.23921537233486168,0.09472339211627454,0.15596540238159706,0.5817479378024691,0.09604265335134987,0.635
278,0.15418118859561022,0.38478917682117036,0.296673401123398,0.06973768273738906,0.09461855072243243,0.09582045119085857,0.18509415368970317,0.5792232807803593,0.09569254698143781,0.73
279,0.21782364980129917,0.566255872893712,0.18526647106435057,0.02250712959907104,0.008146876641567205,0.09579707744266357,0.19191971627842744,0.5801019485942697,0.09581444685355,0.75
280,0.1628750009639116,0.24842203855013398,0.2358869720036769,0.03773076528538535,0.31508522319689214,0.09582803987188872,0.1710950490513963,0.5848815570611925,0.09647658619245236,0.781
281,0.04763792791839476,0.30623652560818837,0.47116146335533465,0.15949130693216132,0.015472776185920944,0.09507830705112004,0.19380416267127606,0.569493722600557,0.09433910013890046,0.628
282,0.15135409023254798,0.06482646137101279,0.4018484521407241,0.09442490547596522,0.2875460907797499,0.09731063145942515,0.17656204839306247,0.5900999899799837,0.09719769602026207,0.878
283,0.30158764913136493,0.3603547665887062,0.21721182402860872,0.06379049842859752,0.05705526182272268,0.09557559966274198,0.1787587849946739,0.5816358427568832,0.0960271180778518,0.731
284,0.3726578905679171,0.13245649815414665,0.3100947840977267,0.12276226799015715,0.06202855919005247,0.09595464644856527,0.17277692027582325,0.5854087878495151,0.0965495278332078,0.775
285,0.012235782475837271,0.4402919806565373,0.40202081381510213,0.12013532345070474,0.025316099601818475,0.0947667886148542,0.19571625767492404,0.5676866091097433,0.09408697980825464,0.615
286,0.058095469548879966,0.25892606002579677,0.3395912690210912,0.010127044498471127,0.33326015690576083,0.09861501941858487,0.18614349285818066,0.6002917316167672,0.0986006009901279,0.953
287,0.6487880120316314,0.06693797904358109,0.16759804817101842,0.08216547257911258,0.034510488174656406,0.0969803850585317,0.1688514612940078,0.5946944683048062,0.09783101906212877,0.909
288,0.6705714321089276,0.07878636219921895,0.13980861992841648,0.05619026221927774,0.054643323544159246,0.0976723680194322,0.1704068235632756,0.6021382398251797,0.09885400971063962,0.964
289,0.2764602789483577,0.0003540614058121946,0.5324010787669702,0.18365674670884338,0.007127834170016704,0.0978100761567599,0.18908550727530643,0.5900138727857314,0.09718581127908843,0.889
290,0.21170926651324343,0.18684204667835708,0.385042689662381,0.06107265471791761,0.15533334242810087,0.09899489044438567,0.18744320213957807,0.6037663763187782,0.09907725605312523,0.963
291,0.13567924835325557,0.2697200856361947,0.42259338217906883,0.11885089849803983,0.053156385333441025,0.09657333660559748,0.19027647990516694,0.580583761012783,0.09588126692472265,0.812
292,0.3599405993572942,0.027586455349172635,0.24001589739886128,0.018475709043055687,0.35398133885161615,0.09876839652160696,0.16948133844383617,0.6091941027410289,0.09982018611552523,0.983
293,0.21745446669307736,0.02673188282271843,0.12065681909504929,0.0003892706589240971,0.634767560730231,0.09517344796465543,0.15855020025545627,0.5855912091015328,0.09657476103909945,0.734
294,0.29589052247032144,0.2381730626946199,0.3395928375921715,0.11070199953609625,0.015641577706790914,0.09646713618538318,0.1826369117260318,0.5852467725073291,0.09652711530328695,0.81
295,0.19254988874265075,0.08774947556423023,0.33699795964232065,0.06981927613568614,0.3128833999151121,0.09720858045237862,0.17276634671598476,0.5919377374723686,0.09745119464418961,0.887
296,0.5066235726233571,0.22113474802147676,0.1144120004164668,0.04295620053813897,0.11487347840056027,0.09599350671242898,0.16794601292252814,0.5865223686130216,0.09670352641555824,0.819
297,0.03309016613382658,0.23540932547042337,0.29904410766709694,0.014200720937471711,0.4182556797911813,0.09716797191082946,0.17843288278714917,0.5929526510367618,0.09759109134335975,0.904
298,0.028272536535984646,0.19079586965300213,0.570341149986556,0.07348118507298879,0.13710925875146854,0.10123460078673925,0.2097596281179112,0.6079246852691936,0.09964661206337366,0.969
299,0.1269350043768772,0.4746833277560314,0.24444384209771172,0.018537177246348575,0.13540064852303113,0.09654627312012588,0.18897921380297336,0.5874880711556517,0.09683700472454482,0.835
300,0.6615030012184566,0.19964602164187314,0.0227728845747905,0.015149164756352695,0.10092892780852707,0.09650263971251846,0.16840310956669938,0.593135107904662,0.09761623381799733,0.89
301,0.07965002021065226,0.03733827234620558,0.2559708480765526,0.04704722880837066,0.5799936305582187,0.09507864610764363,0.16274490328480598,0.5802062101154981,0.09582890772627128,0.687
302,0.16707512634583946,0.2557528671590111,0.26054825325567205,0.07119796038614604,0.24542579285333146,0.09498054937747363,0.17080004866244475,0.5759243598090712,0.09523439426183145,0.619
303,0.28701223709733864,0.1500627887776367,0.3309750860637521,0.055381900724738975,0.1765679873365336,0.09865231398995394,0.1806173149545473,0.6019767386273088,0.09883185514362847,0.955
304,0.033947203769468984,0.23766437625123288,0.5266071297854924,0.11768503634484738,0.08409625384895822,0.09820882364681385,0.2014926388325777,0.5923369653211522,0.09750623312034223,0.906
305,0.7099295213991771,0.041190659020535814,0.12896544846731187,0.049863283137661654,0.07005108797531363,0.0980795836844798,0.17012885617521234,0.6075515255393064,0.09959556714391038,0.981
306,0.1397027479015814,0.1182446436799584,0.5189698189020212,0.16529923924329534,0.05778355027314359,0.09693280718561806,0.19070979087054712,0.5828949341717491,0.09620156520122869,0.824
307,0.6148034843642014,0.21438531062628097,0.033872096303086706,0.007016827248073484,0.12992228145835735,0.09667908002505586,0.16867907229663792,0.5949819751878315,0.09787060171835549,0.903
308,0.021474412134462394,0.1541740546821515,0.6689601249319317,0.14292774476484438,0.01246366348661006,0.10050699873022491,0.21768418389099098,0.6014520248884258,0.09875986312120166,0.952
309,0.08863605955197869,0.05204847181297757,0.2761422892606277,0.05003530992475559,0.5331378694496605,0.0955383288804215,0.1647285874167822,0.5851647459990553,0.09651576739787138,0.756
310,0.16539517096174983,0.12554193989067491,0.539262730938525,0.15619710928688757,0.013603048922162629,0.09810665006517066,0.1968851096474946,0.5894929834002257,0.09711391412666215,0.881
311,0.4353032787061432,0.038236006773296013,0.21099492865129518,0.004755071336364623,0.310710714532901,0.0994139277932074,0.1710294122667454,0.6148564153227912,0.10059309212419953,0.989
312,0.13904516814415807,0.1585353807136699,0.3541210758508394,0.08958410695263283,0.2587142683386999,0.09621219376484409,0.17503983518615032,0.5825880991673243,0.09615906344221581,0.761
313,0.10479075394658324,0.41109418094763134,0.3142876708344907,0.007916880079588509,0.16191051419170602,0.0985488397067466,0.19468741734416803,0.5984289867794508,0.09834472688471285,0.943
314,0.3785613012966023,0.21968097739907713,0.20064413978219256,0.08692653979400407,0.11418704172812387,0.09489002221679066,0.16716914594421173,0.5761180530073378,0.09526131548082262,0.621
315,0.3216976785162286,0.1704313274414102,0.12435449010326231,0.03386155389978422,0.34965495003931474,0.09480206911225358,0.15945136500859794,0.580733588608123,0.09590204241713063,0.648
316,0.10349983910341937,0.21755027381546888,0.36873126255780286,0.07549993520993427,0.23471868931337467,0.09685578287053226,0.18135267155793297,0.5867047295078757,0.09672873710854879,0.852
317,0.16873130206883682,0.4658321011206974,0.15038696367704887,0.011572738064405307,0.2034768950690118,0.09492621389971637,0.17762510725988284,0.5768289361949862,0.09536009772891108,0.639
318,0.3923768195133326,0.017804967075463307,0.29491970663691014,0.14424787408882825,0.15065063268546577,0.09480560652705881,0.16181941844515624,0.5751717977348039,0.0951297713022321,0.621
319,0.12926962701092193,0.14292662964506384,0.16832818054224932,0.010054885235124343,0.5494206775666407,0.09504843094808488,0.16240582139304846,0.5824572191246231,0.09614093237056465,0.72
320,0.29850247841570343,0.09147254938186318,0.30067572202905885,0.033848740081046116,0.2755005100923284,0.0989787245312364,0.17595636228104403,0.6068010744023126,0.09949288342110463,0.977
321,0.16711989048462605,0.09825198383306455,0.1962958244272539,0.004769394194740385,0.5335629070603153,0.09636397177676431,0.1648987453238959,0.5889733831950312,0.09704217613525468,0.849
322,0.014292536466528788,0.25244633540718575,0.495844366382324,0.08218814878709221,0.1552286129568693,0.09884056782880425,0.20025465376508556,0.5959951209466696,0.09801004159306648,0.934
323,0.47855759026347094,0.16089661435216449,0.2689382898340205,0.08741344904349668,0.00419405650684738,0.09757542794152788,0.1784209914679053,0.5944718263158998,0.09780036279065452,0.912
324,0.3136905264796542,0.11618798293192836,0.15169618626429038,0.01308599627780224,0.4053393080463249,0.0963404400889027,0.16266075093500695,0.5931577044862203,0.09761934745649659,0.884
325,0.05621150378783934,0.14270252037854536,0.6760501052410279,0.10731356765024586,0.01772230294234152,0.10263425712464304,0.22279753710470435,0.6178556284787818,0.10100160692631288,0.983
326,0.5829415583235825,0.17554599934605986,0.10389917770516363,0.03413204302943652,0.10348122159575764,0.09689095308954028,0.16916768084953568,0.5953462615450457,0.09792074683042862,0.916
327,0.20597027266534657,0.4056022687023245,0.18778464151748409,0.04124926015309614,0.15939355696174878,0.09489810205770124,0.17613979477215339,0.5763856748882045,0.0952985076171029,0.615
328,0.5961054209274359,0.01698438963132981,0.03008694963753809,0.04229707327610212,0.31452616652759413,0.09480985965278825,0.15396452584364495,0.583245197580316,0.09625007446206224,0.675
329,0.13144605184023542,0.3632351238871173,0.2975079684332402,0.008521774443665552,0.19928908139574142,0.0983686798792684,0.18952203647284624,0.6013987557746986,0.09875255341201683,0.953
330,0.4094289942752933,0.248072238712639,0.2542482311495986,0.06138842559816539,0.026862110264303934,0.0976880165695755,0.18158172153391153,0.5947678091089266,0.09784111683699193,0.921
331,0.1209260425944688,0.10006229918793688,0.26955070516713275,0.022842667825571296,0.4866182852248903,0.09692010800297231,0.16945924102539006,0.5923852874840815,0.09751289417669118,0.875
332,0.2944504207526105,0.142260880256528,0.28725828560398387,0.05814777217027249,0.21788264121660508,0.09750931159996344,0.17384956722480843,0.5952784138770278,0.09791140808919452,0.926
333,0.5826190992506796,0.055722837326668016,0.18052431877245578,0.09613108199859124,0.08500266265160532,0.09601340027188159,0.16413389175583482,0.5864634067494527,0.09669537466853328,0.81
334,0.20368659706517753,0.10797855881695222,0.3234158557294836,0.0160342932773848,0.3488846951110018,0.09940071916640654,0.1789615928169326,0.6093213827974395,0.09983758373666007,0.982
335,0.3416914167123117,0.011387214107583015,0.22248113218956275,0.08089473980553231,0.3435454971850103,0.09533867918061324,0.158120103462345,0.5828984527682566,0.09620205254722825,0.729
336,0.12318028020404823,0.02459975950361059,0.5080877273659766,0.1322054585831196,0.2119267743432449,0.09798475034994951,0.1854819633476437,0.5941149913029382,0.09775122191877994,0.904
337,0.1808579013035891,0.01930495071642109,0.3190909803964373,0.028737839127313824,0.4520083284562387,0.09849265076221769,0.172546582291479,0.6047068614570045,0.09920613061484973,0.966
338,0.41464168575208327,0.09397630653918557,0.2176893144329541,0.09791739472760919,0.17577529854816784,0.09518236695560227,0.162061473913179,0.5804605171751455,0.09586417642576572,0.684
339,0.30592728535472724,0.051168192824875044,0.34306452127188347,0.1554077945095483,0.14443220603896595,0.09464253513241468,0.16562345549238983,0.5720778897708221,0.09469922831076039,0.608
340,0.059746420262262796,0.14927467473043074,0.3155949388223971,0.06442134423623136,0.41096262194867794,0.09558837718255214,0.1705121969468608,0.582471604160093,0.09614292521671142,0.735
341,0.6331636786847361,0.01920759263147459,0.09535134857884182,0.08853014041757754,0.16374723968737004,0.09473156418252743,0.15594628296110938,0.5796269561104368,0.09574855664629278,0.608
342,0.1694945496872608,0.2250139413258838,0.3370191477767834,0.013322028354636604,0.25515033285543537,0.09952093291533355,0.18666517230338034,0.6102402499365439,0.09996314894640634,0.988
343,0.3303269805525803,0.11532426968413981,0.2553514799760248,0.10217016597359282,0.19682710381366217,0.09508939933611474,0.16406007052714153,0.5789602118829775,0.09565604019459495,0.684
344,0.11287456291575011,0.21431225669847026,0.49564601556324145,0.14343918871647326,0.03372797610606503,0.09706513252599723,0.19497417856525182,0.5840990969941846,0.09636829814806713,0.831
345,0.5400333227986194,0.2354526697350565,0.1186566055385337,0.06274964216848206,0.043107759759308396,0.09554301446886786,0.16909852205782258,0.5851034133455105,0.09650728206375048,0.748
346,0.27506997941613165,0.08850987501802925,0.46222946354756816,0.10587240396221428,0.06831827805605659,0.09954217820455089,0.19103882256428292,0.6056178663382504,0.09933090790033483,0.964
347,0.15682615027034244,0.013803448068739127,0.36712126229777053,0.031121551017470675,0.43112758834567727,0.0993458232643615,0.1774576036210741,0.6065844216532512,0.09946323183471928,0.982
348,0.6286609979666519,0.1366876734478056,0.1473432792582719,0.07083231011487638,0.016475739212394477,0.0967827380059539,0.17071529862377777,0.5915575593300161,0.09739877213941872,0.882
349,0.34163285715438824,0.24478984978150004,0.3054938819033085,0.10686415269453314,0.001219258466270044,0.09624478874787261,0.1805639880045763,0.5793168780460494,0.0957055345553306,0.782
350,0.09389009613159029,0.3302744250737538,0.2921777003786765,0.02331399435983724,0.26034378405614217,0.09719421372459014,0.1834160375258997,0.592067481700596,0.09746908269511612,0.9
351,0.11728010996697028,0.26330725071762157,0.39757170948399334,0.03206462235363209,0.1897763074777828,0.0996691858308561,0.1942774046337582,0.6061526590318383,0.09940413028248818,0.975
352,0.3907210753677718,0.08893265221006792,0.2119924086856618,0.09774617933845299,0.21060768439804547,0.09480844290058889,0.15999376912574884,0.5778235123306438,0.09549824134539553,0.639
353,0.07078825438686448,0.06840528442401068,0.5430986446567615,0.08677748843020852,0.23093032810215472,0.10038036168092829,0.1970204079045702,0.6093529773274518,0.09984190215050126,0.982
354,0.3284152897556828,0.035932377434932675,0.4310642621069624,0.1688379596788127,0.03575011102360958,0.09646305126468434,0.17827159974637571,0.5836410840257005,0.0963048918895979,0.792
355,0.23239059510737345,0.2968655442013255,0.26463696209014465,0.05476920742505497,0.1513376911761013,0.09647521566919988,0.17860871655514685,0.5854409493133462,0.09655397669864674,0.808
356,0.1883556259187531,0.3588727081195123,0.2747929405046582,0.07998681753345428,0.09799190792362227,0.09515397298279855,0.18003434514193872,0.5765738343782599,0.09532465362603082,0.66
357,0.2916160412381932,0.3166880746412791,0.19800342051224265,0.007672744480568307,0.1860197191277169,0.09752097242356243,0.17878884064652656,0.5956564033437001,0.09796343156261478,0.925
358,0.20763923208638366,0.1903444658533045,0.2765590127724442,0.0007013752062522722,0.32475591408161536,0.0989588057558936,0.1791337730431399,0.607047209484832,0.0995265661457938,0.978
359,0.03992316939868608,0.14792936299899487,0.44129695687300496,0.12100219061993263,0.24984832010938146,0.09598655703791502,0.18099680709763097,0.5787368893695091,0.09562504530275939,0.753
360,0.31526049024818553,0.29704262432656375,0.2277394892351709,0.04527626000624334,0.11468113618383641,0.09680866043308017,0.17818701122935152,0.5917532619195413,0.09742575868700243,0.877
361,0.42765741728919265,0.21389383708736245,0.044928960225713965,0.00030501530831855136,0.3132147700894125,0.09538607248966045,0.16161837140505575,0.585593123743953,0.09657502586745226,0.759
362,0.10129401451689908,0.2382500341998501,0.2539918151571734,0.030061339865307908,0.3764027962607694,0.09600997523015944,0.1722434320835614,0.58622593946271,0.09666254127722063,0.819
363,0.3710884002040114,0.08960424977284,0.23233598641478223,0.06009924973581139,0.24687211387255498,0.09681481742429816,0.16646580708303443,0.5939540151047324,0.09772905049983849,0.894
364,0.24800795921007107,0.07024171303313412,0.48270340713728543,0.15063978683392895,0.04840713378558045,0.09776887436300605,0.1873066423309931,0.5921995514314816,0.09748729016921387,0.895
365,0.3972443230009818,0.19684331900350083,0.26638666154925444,0.09380401864942874,0.04572167779683423,0.09641092892951689,0.17527811316618147,0.5881581430481659,0.09692958313227984,0.827
366,0.44221268918885853,0.0180590885120451,0.30571275157825945,0.1533288032845391,0.0806866674362979,0.09516514953354083,0.1648722957137663,0.578065321238546,0.09553181734344918,0.671
367,0.06690597726187009,0.03403970927746467,0.5324353678821584,0.14102198514238132,0.22559696043612543,0.09763395463826549,0.18727757019879593,0.5893783409336498,0.09709808776248896,0.883
368,0.09746094649678176,0.43418399905319754,0.23117356870997238,0.032096030245703185,0.205085455494345,0.0953096273216605,0.18122137952061423,0.5778222299481097,0.09549806327119947,0.688
369,0.011230665178402032,0.5310531587728092,0.3484433104460997,0.029296377114349393,0.07997648848833945,0.09750505244279076,0.20398134114707425,0.587581869310093,0.09684996593756923,0.869
370,0.20188974359904388,0.32542484811583516,0.28268794416482224,0.03178772773627713,0.15820973638402167,0.09765564829197854,0.18468646343157913,0.5959612894038067,0.09800538647999257,0.922
371,0.160415125383638,0.02115388632918497,0.22741423194818955,0.028191520319859973,0.5628252360191276,0.09602088863814742,0.16271555202265475,0.5876790901079573,0.09686339945163058,0.82
372,0.15178432999630304,0.12016281746051032,0.3515817582166119,0.08732391781434361,0.2891471765122312,0.09637781095373286,0.17316341220777481,0.5849305529036706,0.09648336551669212,0.809
373,0.8386799406344787,0.01558485211681063,0.025031016209894178,0.05004661234133138,0.07065757869748522,0.09676047725623223,0.16588994506229818,0.59555036116034,0.09794883775226215,0.908
374,0.3743441127933184,0.2682764259884931,0.13347630532392005,0.011880397442141047,0.21202275845212734,0.09654573087613484,0.17047722505720253,0.5914951669603894,0.09739016794121058,0.857
375,0.08489960106082992,0.0051823550128176415,0.42227186437513387,0.10310618181958038,0.3845399977316381,0.09676601443810552,0.17402991217714858,0.5898303170256187,0.09716047765408042,0.866
376,0.4952140864746259,0.08957263971884646,0.12843321388541235,0.053526253528720626,0.2332538063923947,0.09575428980308914,0.1602660336250087,0.5880680314305914,0.09691713495852472,0.82
377,0.527049090134352,0.16123478943294167,0.2116623286631643,0.07553064601498682,0.024523145754555407,0.09716317004724823,0.17427424513018766,0.5942219805721304,0.09776595667113486,0.907
378,0.09499764105614701,0.35990354262441093,0.4055388113231111,0.0018782703555875891,0.13768173464074346,0.10100392452763779,0.20522482764926583,0.6140376901413588,0.1004814703026915,0.985
379,0.27187120599626313,0.19408904930345233,0.2918223070289125,0.029505081416412265,0.2127123562549599,0.0986865410719469,0.18018170939767353,0.6043929489432875,0.09916312194194865,0.966
380,0.13353148379917276,0.09540258828172882,0.20103537810040675,0.01089925739457524,0.5591312924241164,0.09587073270774601,0.16411499615090888,0.5865120557758837,0.09670210063619478,0.823
381,0.28128936673554245,0.1453642842183869,0.26611882743549015,0.054418207264332226,0.2528093143462482,0.09701704502634773,0.17108978706880903,0.5932436355988677,0.09763118779303581,0.897
382,0.017830715152868028,0.1277819616218281,0.24241675223543954,0.0076264458490845725,0.6043441251407797,0.09589553589420585,0.1688406662814214,0.5849536157862103,0.09648655656122473,0.784
383,0.09469066556611111,0.14760432278666633,0.5831069961576548,0.16141203613370964,0.013185979355858286,0.09826103993358554,0.20281468438274547,0.5912545834155627,0.09735698782382096,0.907
384,0.13549366682661776,0.1969705567846933,0.5422265628339445,0.12445742387387247,0.0008517896808719349,0.09931001666479053,0.204717148953922,0.5993024155470056,0.09846473425147328,0.948
385,0.08632935705704828,0.059972769207023206,0.4284282442670543,0.047857770207308754,0.37741185926156556,0.09942040001791794,0.18405203338402334,0.6068400952429732,0.09949822356190285,0.973
386,0.05966785765025703,0.1867971910386296,0.2996119188198705,0.07534702174061243,0.37857601075063047,0.09469636056867177,0.1688373684626661,0.5736478923790778,0.0949177918439359,0.619
387,0.2836257855315453,0.3211692682661226,0.23079444668654575,0.04296530427156251,0.12144519524422383,0.0966726803302588,0.17916253886601496,0.5863194585183948,0.09667547214969918,0.855
388,0.06599628433774783,0.02764859224615722,0.5430672269873674,0.20419649818267277,0.15909139824605473,0.0950478010998414,0.18202631034821087,0.5705537880035093,0.09448688763444069,0.642
389,0.4729762258555313,0.16074769361580604,0.13794137531067419,0.05848396595229793,0.1698507392656907,0.09554651817346878,0.16344525472147337,0.5857126936922639,0.09659156396443813,0.779
390,0.10886264771116634,0.4189537200660857,0.18654425341841835,0.023471218400097478,0.2621681604042322,0.09469602798456775,0.1754922175343337,0.5739041109904762,0.09495344404398143,0.607
391,0.23438949024879485,0.2697739602171544,0.15960530365360412,0.012632500134482198,0.3235987457459645,0.09576556498777634,0.16830040405170557,0.5840355300509062,0.09635949896369334,0.785
392,0.19284475178190016,0.21478099439482973,0.29542265229640385,0.034244980563054674,0.26270662096381153,0.09777298969989165,0.17844227684446168,0.5981108596356954,0.09830100381740015,0.932
393,0.01486208319552915,0.18945288152098702,0.32813170215798065,0.04631953443054433,0.42123379869495886,0.09626753433653032,0.17553453964772436,0.5826003527186285,0.09616076088954628,0.796
394,0.358551207261395,0.07678476553263563,0.3737675664696939,0.13065631284592746,0.06024014789034788,0.09705016715628956,0.17729677629328833,0.5908126349059778,0.09729602596676745,0.871
395,0.7034589244034671,0.05615611245700769,0.01410013513760088,0.03307220542741519,0.1932126225745089,0.09589884337824099,0.1604170378401356,0.5914441978910264,0.09738313886901673,0.845
396,0.0818100654180365,0.09023537406722848,0.5465908495821695,0.10701143715695684,0.1743522737756088,0.09966735722167157,0.19718058604861594,0.6058905887438115,0.09936825075858513,0.973
397,0.20254942414195554,0.057274670179405913,0.18885635372851697,0.044306450209809806,0.5070131017403117,0.09475311282519103,0.15804620925284163,0.5807224745811448,0.09590050137071926,0.633
398,0.02402585729337405,0.17930812202692073,0.5892362162746645,0.1479053090827939,0.05952449532224685,0.09831542507107463,0.20473314015611843,0.5888408888526403,0.0970238804568666,0.89
399,0.6060154970388669,0.2394376874497246,0.014022034115448839,0.029118555353507426,0.11140622604245216,0.09510037083236707,0.16485559259952812,0.5849253750007467,0.09648264908254522,0.719
400,0.7556367377819327,0.15662254366931902,0.04811435739684009,0.018446683083146866,0.02117967806876139,0.09792912557399874,0.1743210938708409,0.6042321844860404,0.09914109324307585,0.972
401,0.3404666647558431,0.23265293626682207,0.29798041777022904,0.07504998986751689,0.05384999133958894,0.0974769275477759,0.18178066477586696,0.5954202991284963,0.09793093720626689,0.92
402,0.4553556950340267,0.2056097628807263,0.14939864272856707,0.007353718499890937,0.18228218085678896,0.09795760568605935,0.17293854944853124,0.6027621032990029,0.09893957387860941,0.967
403,0.08510605271413516,0.16208823284202767,0.46730012998584436,0.07324151963126624,0.21226406482672658,0.09923769539338048,0.1926662270023737,0.6002966164695155,0.09860127167979127,0.95
404,0.0916435122104038,0.13560646394812523,0.5892831044519237,0.16238339492961895,0.02108352445992832,0.09834125996156926,0.20277671751578097,0.5924236111729478,0.09751817686023667,0.909
405,0.2293897976985546,0.01403310841659918,0.4613907333132875,0.13415179368091731,0.16103456689064136,0.09779183559417644,0.1809729324293902,0.5964460499815517,0.0980720804620776,0.923
406,0.3427909859188451,0.058638449584913245,0.20175713909481885,0.05422612755153972,0.3425872978498832,0.09603166259673963,0.16112275726769582,0.5868581863242849,0.09674995012781973,0.815
407,0.3665805103539703,0.07454134573436057,0.35345963501364147,0.13028101860619457,0.07513749029183295,0.09663965014160197,0.17438685766314105,0.5838689999514843,0.096336445877935,0.817
408,0.08319618543574789,0.0252507131409572,0.35525421663822737,0.10882020638765773,0.42747867839740966,0.09481640798286856,0.16524085410534223,0.5764921553862704,0.09531330409507777,0.653
409,0.22198744328348421,0.04357131719615209,0.4480059215497386,0.1527502515292925,0.13368506644133255,0.09654626115276015,0.178336550970765,0.5853002526741243,0.09653451373016986,0.82
410,0.530238947867747,0.05197104520594824,0.15375765025595048,0.09521828107309832,0.16881407559725597,0.09486150808678681,0.15780310797927216,0.581478661408102,0.09600533280153489,0.679
411,0.0943718705943821,0.4458212724691624,0.28469009876583107,0.05589550628246463,0.11922125188815959,0.09554567339237867,0.18719743258110924,0.572317928210288,0.09473265589712065,0.711
412,0.06245338308344849,0.10725767464492948,0.49772529003916555,0.1422972732295598,0.19026637900289664,0.09666428878648345,0.18581181650085313,0.5818635893116173,0.09605868059271083,0.815
413,0.057326309026211573,0.2424157844091676,0.3084312294048345,0.06241943003235723,0.3294072471274291,0.09547516947392691,0.1744988527986434,0.5772248761228845,0.09541510093622385,0.699
414,0.025311635707740813,0.12372861855352162,0.5891112736486828,0.16415524036660864,0.09769323172344617,0.0975939123817971,0.1990500722668938,0.5863158577948852,0.09667497428923122,0.871
415,0.16741264333340014,0.35196989448823934,0.2889071803673822,0.057309240393381755,0.13440104141759646,0.09631789012481637,0.1832595974741488,0.5842781809103205,0.09639308612385444,0.807
416,0.2075525641097618,0.341562927336751,0.2189462651015652,0.0002985018538908737,0.23163974159803102,0.09753574968521164,0.18077387359301414,0.5965334170581064,0.0980840988134053,0.924
417,0.1545832601514302,0.007269117533334091,0.48506992746262456,0.11086096530045016,0.24221672955216103,0.09868383734955966,0.1842178767665386,0.5982735477970146,0.0983233643807313,0.94
418,0.09956570792617571,0.1407083768724624,0.20930491709687407,0.005834676383232817,0.544586321721255,0.09596571956943813,0.16655332649287863,0.5870862941951721,0.09678147946225057,0.812
419,0.23461813491759972,0.058541801835463626,0.2119172337329183,0.037393732319612655,0.45752909719440576,0.0959613942381164,0.1617798571589052,0.5857055880614875,0.09659058119009778,0.817
420,0.035224565251020835,0.43154300369949755,0.31448344591608485,0.05677254919005705,0.1619764359433397,0.09565956708685976,0.18826862870848524,0.576929462110788,0.09537406364069678,0.716
421,0.06770471341901865,0.03950871809895147,0.5374805153549115,0.09169948018373758,0.2636065729433807,0.09998758340979479,0.19378928802526305,0.6064198863581948,0.09944071102399765,0.972
422,0.20733986848158908,0.0007030902982924817,0.4099891466348281,0.0772864469105479,0.30468144767474226,0.09884523723971192,0.1781952387804857,0.6002144024961396,0.09858998349347825,0.952
423,0.32137514213560475,0.12655662661609302,0.3796657993532363,0.12652534744056282,0.045877084454503184,0.09701175577036163,0.18029698720593954,0.5902232428178621,0.09721470482950645,0.863
424,0.6496786217591464,0.014612054365509473,0.21446336363499688,0.06327255233364398,0.057973407906703335,0.09901110545345242,0.17403874866204155,0.6086123375309661,0.09974065193532322,0.988
425,0.05695868530047587,0.0580831540928819,0.4687189397263208,0.10274416602195614,0.3134950548583653,0.09766407287517476,0.18263733145046518,0.5921666656129615,0.09748275655833516,0.9
426,0.08550186329519992,0.016444504709608787,0.6479512950740963,0.14619092559656352,0.1039114113245315,0.10047520935795905,0.2059566703374056,0.6066896651755387,0.09947763610127547,0.971
427,0.058491131281573544,0.21058424307382484,0.35900265813465454,0.04412259792577563,0.32779936958417144,0.0975744608595222,0.1819418322014495,0.5937708679157836,0.09770382326884852,0.903
428,0.44606756170896744,0.21157735776347328,0.12156307540072711,0.0035684876173416014,0.21722351750949062,0.09733917055932748,0.1699777642686391,0.5975902189740806,0.09822943247570115,0.932
429,0.14457486235716444,0.12461936470135042,0.3026157553796155,0.017688603318334144,0.41050141424353553,0.09821515535873698,0.1753994759548981,0.5995213468344062,0.09849480675418865,0.947
430,0.16664413814456924,0.44025194366801745,0.27208296129948184,0.007807209691610314,0.11321374719632123,0.09811719097781028,0.19320905514794595,0.5954623438077126,0.0979367239782516,0.93
431,0.25197795930870104,0.05550307350366812,0.19681999172936754,0.03189993952335888,0.46379903593490446,0.09600478210777005,0.1612341428065154,0.5904029198054891,0.09723949824444644,0.84
432,0.1692925444211215,0.13167247552433126,0.4473129221487132,0.06961700097113385,0.18210505693470008,0.09974298345422802,0.19089349107007558,0.6060520011421299,0.09939034996424767,0.974
433,0.39449130319244813,0.3392467425528751,0.15070805252724523,0.04921845867256502,0.0663354430548666,0.0954977837048402,0.17418491996257984,0.58374894080177,0.09631982465324818,0.729
434,0.12219662382972796,0.13625887241139858,0.3602673572292367,0.09545727207280828,0.28581987445682855,0.09593307292575183,0.17346048462426508,0.582829941571123,0.09619256319368774,0.779
435,0.145248372774056,0.09362706924475835,0.2523887691182498,0.04259661985935214,0.4661391690035838,0.09584535506202595,0.16503449220042676,0.5837094534690179,0.09631435772899599,0.772
436,0.5273489368736437,0.1260018892931948,0.2702662618031237,0.07292336132830546,0.0034595507017323264,0.09874859465404079,0.18062613699119417,0.6050944665901098,0.09925922651545327,0.965
437,0.31422402236107505,0.01421482891977309,0.42182735641484476,0.10313512733205238,0.14659866497225463,0.0990468434040395,0.18169902811423083,0.6028048652375461,0.09894543779127907,0.958
438,0.15065883980730105,0.029997872742745485,0.569259589280375,0.1836613065402048,0.06642239162937365,0.09747331933577316,0.1919002419298205,0.5878360194401582,0.09688508182268385,0.868
439,0.17583093638637204,0.23500013908403228,0.20110477080300035,0.0373820683887666,0.35068208533782863,0.09510373555644422,0.16647997447710622,0.5785515852513086,0.09559932431443019,0.663
440,0.5715345793667197,0.03406720789533119,0.20283425093569935,0.09742811583494085,0.09413584596730878,0.09640193685448734,0.16498108533645783,0.5917378247728484,0.09742363006712806,0.868
441,0.28090930528197616,0.034538328649165784,0.48628721287195015,0.1101944943152164,0.08807065888169134,0.10000752113043376,0.19114173713016386,0.6090444196845232,0.09979972487069433,0.973
442,0.47360757033824746,0.1442625395161011,0.1573046379850567,0.027347590858393916,0.1974776613022007,0.09743805006438117,0.16873309075258586,0.6002715589069678,0.09859783126228172,0.95
443,0.19488320378050186,0.5508074047230644,0.14945476830466412,0.01091491936707099,0.09393970382469878,0.09519402987390345,0.18546506341894237,0.5772181580157137,0.0954141677619258,0.675
444,0.15812258630851347,0.4124639553079438,0.32853637964508864,0.0061977582211174735,0.09467932051733652,0.09951573623426205,0.19943568702080858,0.6051693883003628,0.09926948844648686,0.973
445,0.5316655243897602,0.38429084659510715,0.06425628103546639,0.013009215255956273,0.006778132723710034,0.09633764758326623,0.1784420120497197,0.5899819512873457,0.09718140577081402,0.855
446,0.48375429083654614,0.08179506606763402,0.2721526403545599,0.06833994881088289,0.09395805393037701,0.09856606122073973,0.17582361930687554,0.6040143078022728,0.09911123594068805,0.966
447,0.237757869457368,0.566761508143089,0.14090912688165563,0.00941301881939872,0.0451584766984888,0.09547672101974214,0.18790305067570148,0.577625468967342,0.09547073927713656,0.728
448,0.08182770288626114,0.2636568379897465,0.39130541890396386,0.019840754910716296,0.24336928530931226,0.09970807853047947,0.19349475100970953,0.6069806074701735,0.09951745230046871,0.971
449,0.6826273444063522,0.04546982688491577,0.18094747040303477,0.07374442770586098,0.01721093059983657,0.0980314609573757,0.17243677318142145,0.6023644353997674,0.09888503598194642,0.963
450,0.2146939797354969,0.18392079942017697,0.39317494489975974,0.11182807126670831,0.09638220467785809,0.09694405021284709,0.18309736700073537,0.5848470217150473,0.09647180759832485,0.839
451,0.4486896153876314,0.3572709546199337,0.16326936430524175,0.007810888336641387,0.02295917735055172,0.09821714028635849,0.18515182676607317,0.6038605828125144,0.09909016788161096,0.967
452,0.15803321439412782,0.43722187529903,0.255288074133965,0.06345332881654903,0.08600350735632833,0.09510713420054571,0.1838802771375766,0.5745310628654797,0.09504066330392824,0.668
453,0.8599895299535719,0.05005283629133936,0.007989511190584492,0.017185479213842076,0.06478264335066217,0.09802628651467746,0.17124769213472477,0.604818623878124,0.0992214413883159,0.971
454,0.11517849958941373,0.01181482135495384,0.41560883803174314,0.13144335494957207,0.3259544860743174,0.09562705497395699,0.1706074187262912,0.5781748570710916,0.09554702541582327,0.73
455,0.1534256612900561,0.4606118625120815,0.208968754108218,0.009792039681730388,0.167201682407914,0.09631783367992813,0.1848179788153711,0.582505384090783,0.09614760489826613,0.812
456,0.011673905466837185,0.12808525030276244,0.6486905337888459,0.1883244043968246,0.023225906044729846,0.09785940420153243,0.2073941985806098,0.5846607242170089,0.09644602850961648,0.847
457,0.4879204657719461,0.09772879667174446,0.04247527436062262,0.0035528457203288628,0.3683226174753578,0.09578120845932021,0.1585959229031045,0.5888934474990635,0.09703113824180165,0.813
458,0.041653915665494735,0.1782579503058225,0.5790045571045228,0.18323829167001623,0.017845285254143795,0.0966459299591173,0.20019651136044772,0.5787566890762362,0.09562779344222494,0.767
459,0.368663615671485,0.394585049447137,0.1645820440730928,0.01605978970104883,0.05610950110723628,0.09707849672199495,0.18284048406353295,0.5949281504866396,0.09786319180956893,0.908
460,0.18012805993585831,0.35922320906807675,0.24596877700031589,0.05351078259442484,0.16116917140132414,0.09554251480761736,0.17841205876066335,0.5783948789062814,0.09557757093174035,0.727
461,0.45602434831099836,0.12127187493647158,0.07000619305705233,0.009338593774877599,0.3433589899206,0.09589016158966679,0.15991212006176958,0.5888246710927069,0.09702164091951593,0.814
462,0.10848169995263,0.5586814206741602,0.17854851205350555,0.01214251055644197,0.1421458567632623,0.09500211682582407,0.18633708008181574,0.5741530180676037,0.0949880744157432,0.651
463,0.22590540258175087,0.3898143156017642,0.2917670653736434,0.027692489077562776,0.06482072736527884,0.09830706865166829,0.1926588699800421,0.60048817056011,0.09862757074087924,0.951
464,0.011691101899953102,0.12946094441975242,0.5059360503040852,0.06697618831639598,0.28593571505981336,0.09975138380236384,0.19526038836553405,0.604435050918194,0.09916889065995038,0.964
465,0.19439426832955536,0.36390024653136105,0.1396172253691167,0.009148229160744507,0.29294003060922225,0.09502270300528996,0.17056681554636588,0.5778248674255436,0.09549842951645005,0.644
466,0.05218222354774255,0.08713630412440604,0.44381280999892286,0.09275821544607098,0.3241104468828577,0.09744302279037732,0.18149327907507282,0.5933481039230456,0.09764558165984005,0.893
467,0.04798389965167493,0.08760153973197601,0.4120758035837904,0.05654740535681461,0.3957913516757442,0.09823710084505487,0.1812400690332928,0.5984199033614724,0.09834347856564474,0.938
468,0.24640868192603388,0.5947035958944312,0.12281809716174816,0.010529921105459058,0.02553970391232768,0.09506069279855839,0.18816003738990894,0.5759364264599003,0.09523607147056978,0.653
469,0.413971020347056,0.03206477459897101,0.2210980239349438,0.041405807350137484,0.2914603737688918,0.09780389947108797,0.16640057595272192,0.6025586079670844,0.09891166700072507,0.964
470,0.021532672038262944,0.09258406926817296,0.6032739010610529,0.08742135295082566,0.19518800468168543,0.10136321336412181,0.2069229559345852,0.6167380445100422,0.10084945467531758,0.985
471,0.7262046590558355,0.19327122045753545,0.02760366441739683,0.02931011334366521,0.02361034272556685,0.09663318310052835,0.17107777566259594,0.5956937579938443,0.09796857222519328,0.923
472,0.19387615474751077,0.36245590808590306,0.31188370251710207,0.03837405229264461,0.09341018235683955,0.09800902175723367,0.19087718156276773,0.5950870372249708,0.09788506476367287,0.921
473,0.558635375846261,0.13554230957483054,0.19273255291173055,0.08600441035161882,0.02708535131555938,0.09653446911543305,0.17059201842673086,0.5916274019541521,0.09740840344231216,0.883
474,0.5670575362074198,0.04080048230002454,0.18552815877599496,0.09410068201354342,0.11251314070301721,0.09607424864086461,0.16325264665692807,0.5877586161539654,0.09687438749852983,0.839
475,0.2916133256842769,0.0842027247904681,0.25548588999290583,0.08224977929732538,0.28644828023502383,0.09560204043828578,0.16341061862505446,0.5825254021769646,0.09615037805359528,0.764
476,0.10451401408088386,0.17360201422250937,0.4963288547248278,0.11926929401657572,0.10628582295520332,0.09808624327818363,0.19405339970778637,0.5919278622216417,0.0974498330793061,0.901
477,0.034593366789081835,0.10543816271288912,0.686030661402446,0.15454218417248347,0.019395624923099736,0.10054230191519023,0.21653903470462385,0.6049417594218772,0.09923830922295829,0.969
478,0.1862187528437322,0.018116219091270657,0.15137017026117483,0.01715176545979202,0.6271430923440303,0.09487461233927603,0.1581034295632376,0.5825751863529697,0.09615727465779433,0.679
479,0.06423199543895024,0.10582219187208633,0.28150864514283624,0.020593727808633458,0.5278434397374938,0.09675331833157191,0.17065006506165153,0.5924494589213546,0.09752173975510003,0.878
480,0.6248230703462052,0.06552758468926026,0.2105409766857906,0.06108422241890019,0.03802414585984376,0.09876296511175632,0.1753526167703854,0.6051232878455483,0.09926317417137853,0.973
481,0.5367171132537674,0.17710306856924862,0.08713778822548637,0.002101020360501702,0.19694100959099592,0.09745106992195225,0.168718515065383,0.6026010475732104,0.09891748730384076,0.966
482,0.057188565970212706,0.5059141978807014,0.22456866933388295,0.011563165905738316,0.20076540090946451,0.09566575992729097,0.18673165374207443,0.5807120352528417,0.09589905386864017,0.745
483,0.2942446780393878,0.12604052596178433,0.31773597249667107,0.10343657782594834,0.15854224567620842,0.09623120009064298,0.17188766237572117,0.5865061601701814,0.09670128554843727,0.807
484,0.07662639330161793,0.03664493043563854,0.5215620503516659,0.10470362357990534,0.2604630023311723,0.0990936521307121,0.18991952548845087,0.6002200191539168,0.09859075468955081,0.951
485,0.37931066614079595,0.16550446288154042,0.3447792817179929,0.10517870090183987,0.005226888357831098,0.09767954716377501,0.1829443927878081,0.595791070228969,0.09798196366312495,0.919
486,0.77274756656315,0.14480550630973776,0.016931891473048914,0.0084896543996733,0.05702538125439009,0.09776873850447246,0.17247207262790568,0.6026305588962493,0.09892153450824437,0.963
487,0.1550695260593046,0.35850980339825966,0.3823537045448124,0.05094526141482371,0.05312170458279953,0.0988170011105463,0.19872522196951725,0.5998967878500483,0.09854636984095366,0.948
488,0.529570229118618,0.31378762635310226,0.13361165846478315,0.015986848503562766,0.007043637559934034,0.09791658557014546,0.18161951530155243,0.6004102485262018,0.09861687288461174,0.953
489,0.1788414630444881,0.3258261967024413,0.3509709830814472,0.11867000669577729,0.0256913504758462,0.0952225389061711,0.18490934471426954,0.5732429399214498,0.09486143421787196,0.681
490,0.38829782859791606,0.3143784411766691,0.09514350017055309,0.007319816068484747,0.19486041398637705,0.09593217406716117,0.16998592267020216,0.586672833803751,0.09672432781727625,0.798
491,0.4815320005027341,0.22088009416163676,0.1513802642628834,0.07315515618702939,0.07305248488571632,0.0953078445831831,0.16771343278752293,0.5816238023559679,0.09602544934403268,0.726
492,0.12706714504214991,0.39977250913658635,0.2954689723066601,0.02437755173797015,0.15331382177663358,0.09756040592987937,0.18998906463640336,0.5919308635407148,0.09745024689135251,0.909
493,0.01802262911792824,0.05410489958110774,0.5401037554488594,0.11841619640086257,0.26935251945124206,0.09835409133936195,0.1907701354997056,0.5936167999759053,0.09768259970278637,0.916
494,0.28367373023276427,0.15521352378499817,0.35497463952525665,0.14122737645377798,0.06491073000320303,0.09535587135003906,0.17493008091772683,0.5786934206697965,0.09561901188187161,0.686
495,0.09601387807330662,0.27680210796123284,0.1758514975277554,0.005691326537706482,0.4456411898999988,0.09510031652473018,0.16811879608269056,0.5804640090030397,0.09586466066003507,0.659
496,0.004883488340493975,0.2594441769906036,0.36880671596859466,0.059863808003357805,0.30700181069695,0.09657513142246872,0.18304625006110367,0.5854058305764255,0.09654911875274164,0.822
497,0.0025759223664146816,0.16919512986351248,0.6308507580203796,0.11056927026527462,0.08680891948441855,0.10082141101223627,0.21416953219807403,0.6073873273479677,0.09957310329405433,0.969
498,0.1793088542202801,0.01490632780757341,0.24134541091806433,0.003763710671152474,0.5606756963829296,0.09765735683495252,0.16746278672387593,0.6016054027980825,0.09878090890123237,0.958
499,0.06934544275443164,0.1651086202621976,0.41607975648270334,0.040175592813127985,0.30929058768753936,0.09928754666302114,0.18829900997222734,0.6041426241116836,0.09912882049514549,0.965
500,0.08596011495109424,0.264835142603175,0.3889318893560756,0.07863698894420248,0.18163586414545274,0.09704423388092373,0.18670653163722498,0.5878298855741789,0.09688423436030091,0.854
501,0.17673447355078858,0.14746096449248275,0.4128122900711872,0.08892292917858419,0.17406934270695723,0.09808612017425128,0.18462257162484666,0.5941757302581706,0.09775958709274946,0.913
502,0.07747585064886499,0.2683435629875464,0.3160854318190308,0.0786980136318396,0.2593971409127181,0.09513548368853166,0.17570294379010376,0.5746614786896012,0.09505880278718726,0.674
503,0.04375533908451346,0.42906497781968844,0.34372984045999655,0.05674726026065178,0.1267025823751498,0.09647717269061572,0.19294838170564335,0.5822543606279468,0.09611282761021234,0.803
504,0.09656930593117552,0.36849830787657567,0.27367879093628916,0.052958569066543365,0.2082950261894162,0.09542452722472454,0.18001687181077583,0.577219334875969,0.09541433123316234,0.7
505,0.05971758519513861,0.20812858080438376,0.40530998055849804,0.062057172581552814,0.2647866808604268,0.09793735259974395,0.18646649478514046,0.5959419900276874,0.09800273091164313,0.912
506,0.017323400825959002,0.33692785818160104,0.4800349611722104,0.05541953681565566,0.11029424300457384,0.09968022888086034,0.20697953159330898,0.6034345269281963,0.09903176834189775,0.965
507,0.40358627086372284,0.02231890712451912,0.40567800272786114,0.13696796572879516,0.03144885355510166,0.09801425431903796,0.1804322666986623,0.5951129544048956,0.09788863245611457,0.921
508,0.006008944770778532,0.13768025404577977,0.5582939638401625,0.1863648255054677,0.11165201183781158,0.09563102139596583,0.19178080203128126,0.5716056351680747,0.09463345054185979,0.712
509,0.09106922066581691,0.22782168817419857,0.48617803128834924,0.03725856212351424,0.15767249774812117,0.10138850769330877,0.20438916836086127,0.6154546915359778,0.10067463016112477,0.983
510,0.025222651822989054,0.18747793830792206,0.361788210254505,0.07675695351225953,0.34875424610232425,0.09584286886654082,0.17635478750347822,0.5822172444613684,0.09610768508837086,0.764
511,0.09316364419905859,0.1069965469623694,0.6533240767016154,0.13911148951558766,0.007404242621369003,0.10100472133132954,0.214497846197782,0.6072270342115553,0.09955117192138774,0.972
512,0.2894313329269269,0.18915474413211608,0.36304799392163195,0.156964806063518,0.0014011229558069966,0.09490709690445176,0.17747302242138407,0.5727725578131475,0.09479595611276825,0.631
513,0.5997783346643997,0.27268938513331864,0.06098035232579261,0.019860888030628205,0.04669103984586089,0.09662855219341054,0.1731574474430193,0.5936145593964477,0.09768229104057014,0.88
514,0.25941182130276047,0.15619979339153334,0.10494197680475277,0.0037556628732566574,0.4756907456276968,0.09504866280384988,0.15969885603057363,0.5836842232004678,0.09631086460317473,0.702
515,0.3674028620983763,0.16924663029683715,0.3030914370691833,0.07708950983648169,0.08316956069912158,0.09778228660507167,0.17908329071005208,0.5958734282809987,0.09799329669921764,0.922
516,0.20119122792710348,0.30281326221427146,0.24445753215120491,0.05425653826981324,0.19728143943760698,0.09568180636090959,0.17491756405814024,0.5811231162648045,0.0959560479859829,0.732
517,0.3756148028110891,0.3281107918129991,0.10866502973274154,0.03126675199254183,0.1563426236506284,0.09506576993176505,0.16899545821564477,0.5822325454622628,0.09610980508546385,0.703
518,0.40267626269274964,0.12633823680020834,0.256606275982658,0.059145998247379934,0.15523322627700398,0.09778034960536183,0.17330378244353672,0.5973788335990297,0.09820036846097979,0.932
519,0.197257281543568,0.18529520716903067,0.41925669224561113,0.15714676716755976,0.04104405187423049,0.09538238559903578,0.18198430569322668,0.5722036174632807,0.094716737571094,0.679
520,0.055977815075051174,0.3229358998763452,0.44117471184801266,0.0813920992357348,0.09851947396485612,0.09792650148134277,0.19815227829933865,0.5947996738294338,0.09784550394846514,0.906
521,0.14641060738023068,0.04955966133297615,0.48618311278209553,0.15780913983577688,0.16003747866892062,0.09651727260074473,0.18148039223912069,0.5825726224714917,0.0961569194874139,0.79
522,0.17394383399631025,0.04767307054856873,0.4719687908242873,0.1978234385806571,0.10859086605017643,0.09463660337444069,0.17586178753261172,0.5699889320960138,0.09440814899495553,0.613
523,0.059566317505557374,0.2742424488666816,0.5288406723216744,0.12659931608075406,0.010751245225332459,0.09811971075946352,0.20503777841763676,0.5885980555505678,0.09699034529036621,0.883
524,0.6582419870158511,0.04880192555198525,0.006704630248128105,0.0037673174236929545,0.2824841397603425,0.09658050634229552,0.16097927645149665,0.5954178161428119,0.09793059545951865,0.905
525,0.22940780323487436,0.04712369729291126,0.21980739138769395,0.032936884637158305,0.47072422344736214,0.09630710300836898,0.16276614019797894,0.5898722362807598,0.09716626338661238,0.838
526,0.012863336932462357,0.3280268950654625,0.4968987604392045,0.015527070975578887,0.14668393658729165,0.10185238418640367,0.21308357614060783,0.6153145157207924,0.10065552800743904,0.987
527,0.010250936510158936,0.3623097448363335,0.39792416236015266,0.08102364334620558,0.14849151294714935,0.09640454947352615,0.19246393875401752,0.5802882636178349,0.09584028785270382,0.797
528,0.34452012889584244,0.127640971920636,0.33937825250348086,0.09799924521189854,0.09046140146814215,0.09751969156701,0.17823975960507038,0.5949731130599889,0.0978693817056655,0.913
529,0.19867928642172888,0.11959369218258378,0.25139308019943685,0.04932435599378289,0.38100958520246764,0.096052023849483,0.1660632657992016,0.5870136092787901,0.09677143326238813,0.81
530,0.027196433256227462,0.40480941201494813,0.5017211039964099,0.052266287826052124,0.014006762906362342,0.1004630089803002,0.2171585945966369,0.6059051202523387,0.09937024036128883,0.969
531,0.29087874758886273,0.10517064389183463,0.3703348525549864,0.057791152598590204,0.1758246033657259,0.0995665569228267,0.18352005625263568,0.6089276184658694,0.0997837574211129,0.98
532,0.0908678511372454,0.075679864480102,0.6574495272304636,0.13075971325068833,0.045243043901500773,0.10146072959585306,0.213552865173608,0.6107268115885671,0.10002961545172928,0.974
533,0.05078969165673791,0.4072517391441711,0.41063860238983735,0.12381464890796146,0.0075053179012919006,0.09520220277545503,0.19557793349426236,0.5707845362586123,0.09451904649467413,0.663
534,0.22732726244355037,0.023130734149483762,0.34708879515968694,0.11246394503429032,0.2899892632129887,0.0958896149768846,0.16681932826214474,0.5804322840352646,0.09586026112293733,0.755
535,0.5721343050726978,0.01716256727536371,0.12294408190445062,0.040806930463352875,0.2469521152841349,0.09695863322748735,0.16165962653519234,0.5966817667993568,0.09810450483007216,0.932
536,0.49173806090014355,0.055713389860591066,0.10052579727608868,0.05752863032540711,0.2944941216377697,0.09484173717626035,0.15523116450203928,0.5811843624765561,0.0959645384211032,0.669
537,0.17489913004475255,0.034791737723940355,0.6343286139202945,0.1466127554021028,0.009367762908909826,0.10100963265536025,0.2085250942806523,0.6052496470601441,0.09928048096129283,0.972
538,0.12103285888151386,0.05575110130732651,0.6035661771311962,0.12249280145974835,0.09715706122021506,0.10078730695140636,0.20451447370258727,0.6117195295783738,0.10016517538260361,0.98
539,0.1464551813113385,0.15869079646991038,0.4682514447488594,0.13135793707156415,0.0952446403983277,0.09725973076361448,0.18867228755081272,0.5862152614066501,0.09666106478445435,0.85
540,0.280226486088672,0.17870630260550005,0.2138075130982947,0.006855682204858029,0.3204040160026751,0.09783894698912546,0.17216148435815115,0.6008401147194271,0.09867588369419833,0.953
541,0.003269457906267486,0.4479717144326956,0.44817861670324316,0.07634531917643286,0.024234891781360776,0.09780162063370426,0.20825625137194706,0.5895100752004138,0.09711627356723174,0.888
542,0.0647395461935219,0.4930556139140085,0.32373330108165327,0.06186122548454192,0.05661031332627449,0.09595697284217217,0.1954942670167682,0.5783826544711451,0.09557587390919897,0.754
543,0.08861053914614903,0.32653129819226523,0.4464216565464016,0.011605245656931516,0.12683126045825283,0.10152441075055962,0.20794513110682802,0.6182754170882941,0.1010587368658451,0.989
544,0.07483864126507761,0.24629996278666139,0.27648220147897223,0.04834809250287431,0.35403110196641446,0.09548477728699575,0.17261762427288072,0.5811517132336529,0.09596001235711915,0.724
545,0.217778805125526,0.1622128458601022,0.46006435664243295,0.08887086401115843,0.07107312836078042,0.09968020808681395,0.19510656916965313,0.6046821999241302,0.09920275201961593,0.96
546,0.1904616885990046,0.3876482676413512,0.3011800286339923,0.05587784728935684,0.06483216783629524,0.0969196144738188,0.18919603328849177,0.5871508473303017,0.0967904014133052,0.846
547,0.4157668355580596,0.1586157410273991,0.25669765927236304,0.1021032512478814,0.06681651289429688,0.09598046353123502,0.17117419048953642,0.5830298888380452,0.09622025658349775,0.78
548,0.33087099259060787,0.27618022459262037,0.26426537823917834,0.10649632115246015,0.02218708342513321,0.09512300993002483,0.17602573562051194,0.5744480534068703,0.09502911692650873,0.677
549,0.5849515928408184,0.1035134307286592,0.2202628230607748,0.04728034380057323,0.04399180956917432,0.09922847103390177,0.17824124598626487,0.6123554962185871,0.10025198427596504,0.985
550,0.10760197950729725,0.45109092812509066,0.3736506294140153,0.06513177054433335,0.0025246924092634736,0.09748635585592835,0.20162275199127724,0.5889863832062425,0.09704397119539454,0.881
551,0.21509209632556323,0.24120003774564905,0.19997284704735596,0.051333989482270984,0.2924010293991607,0.09484021261273734,0.16601775923150927,0.5789324110695857,0.09565218191578428,0.633
552,0.43796764627557444,0.21989248907370917,0.09548168388358924,0.04552062217480491,0.2011375585923223,0.09471829056197927,0.16178217119306953,0.5800224508372468,0.09580342015442711,0.613
553,0.5419176163952689,0.3020780468772136,0.1070749880675635,0.014790878783582453,0.034138469876371494,0.09743046132038057,0.1780766792367235,0.5970707710896892,0.09815800650457729,0.935
554,0.06633382511815852,0.11655840704861752,0.3230554887285882,0.030456586194959393,0.4635956929096764,0.09736917909062312,0.17453416346794215,0.5922902402908476,0.09749979206985615,0.9
555,0.40633465992771156,0.3120829895716643,0.0903908270863372,0.026005474520823985,0.16518604889346292,0.09515287092299847,0.16781362067173988,0.5813896481002828,0.09599299482202817,0.685
556,0.03299096867597094,0.12447275230731142,0.4334651882109618,0.06299070008663633,0.34608039071911945,0.09833195788813512,0.1850110229166334,0.5978074660678705,0.09825929923040566,0.938
557,0.04085077308096414,0.08158487538896143,0.6939052322474144,0.18141212121833394,0.0022469980643261083,0.09959259308216999,0.21403574091707006,0.5969166065787823,0.09813680474792652,0.938
558,0.19477834952723225,0.2904613307638339,0.3709984575067055,0.1398277413777437,0.003934120824484575,0.09493049657094149,0.18391951840675852,0.5724531893185081,0.09475149046670772,0.636
559,0.20591844897929534,0.029015744003680902,0.1677206405738363,0.02588741805628802,0.5714577483868996,0.09508726669160592,0.158287824074782,0.5835839959068865,0.09629698771395723,0.696
560,0.6970877155544393,0.13437850012666377,0.07669245225426757,0.06634150585959356,0.02549982620503586,0.09590282069821937,0.1667465948875926,0.5871692829554446,0.0967929493655415,0.806
561,0.21939766391374665,0.3162330934500301,0.37663773967973097,0.02136221365971491,0.06636928929677724,0.10064862051644356,0.20049658241533638,0.6134923027824012,0.10040708916216556,0.985
562,0.015520625666692453,0.4324801279748022,0.2708834795228552,0.005609934702889166,0.27550583213276114,0.0966748461831083,0.18719163647648138,0.5851982133436925,0.0965203974732336,0.832
563,0.13453720247155468,0.12279336089172013,0.4012303691067328,0.03074622377552231,0.3106928437544702,0.09999255118248537,0.18667979160242182,0.6107368191866431,0.10003098236594776,0.977
564,0.048379849989418744,0.007880050507024502,0.6998041820250854,0.2034627337675425,0.040473183710928846,0.0988230800309819,0.20802386678543147,0.591768335710426,0.09742783718800263,0.915
565,0.4572187149536164,0.25819221460793296,0.048050653392572085,0.00932466807811704,0.22721374896776173,0.09535384342083524,0.16424309485686275,0.5844456637499469,0.09641626630334854,0.755
566,0.38221557564931474,0.1245688124586801,0.3024414878392629,0.12597084899839847,0.06480327505434388,0.09571450474754678,0.17120386962556403,0.5816784781330244,0.09603302702646288,0.757
567,0.2701784605293918,0.11268058498740557,0.3013145670003448,0.01951087667802189,0.2963155108048359,0.09935665932979156,0.17792913064384946,0.6087684658687296,0.0997619987832099,0.979
568,0.16973937779964363,0.12055695534112902,0.3849403704754291,0.11306272837991602,0.2117005680038821,0.09623308026278593,0.1756284346518739,0.581652630224023,0.09602944471216479,0.785
569,0.05791609341230459,0.046813255541826554,0.6601794674188025,0.11107771474862384,0.12401346887844246,0.10208515045590502,0.21258045424522254,0.6185733996190684,0.1010992827583963,0.987
570,0.145382506665015,0.13482390175681763,0.48672644424762757,0.08472091615185053,0.14834623117868928,0.09980954494600758,0.19492312486663066,0.6061140970582134,0.0993988511329642,0.97
571,0.07919564113551292,0.2403743002304892,0.47211463910787027,0.052959311080303786,0.15535610844582382,0.10021165339043822,0.20086360292160138,0.605042428402723,0.09925209868582696,0.97
572,0.29613376925847806,0.11069305595038434,0.25186506817425436,0.04417574980983776,0.29713235680704553,0.09727005565549846,0.16920913860203635,0.5964587381208768,0.09807382589497249,0.923
573,0.09672030805756535,0.3531218426465816,0.2831877734235156,0.06122265751703767,0.2057474183552998,0.09529187782789686,0.17933978447065413,0.5753487097203759,0.0951543696196091,0.682
574,0.06343110776531943,0.24080550381392987,0.334767550816336,0.09283828465959267,0.268157552944822,0.09482577703837991,0.1745967447897549,0.5729727643469222,0.09482382716670101,0.611
575,0.08836752754253492,0.16549103199049592,0.3354276812640063,0.00308903825973675,0.4076247209432261,0.09913036058533735,0.1821355681432992,0.6073051707751279,0.09956186281664192,0.981
576,0.667670042553489,0.015473662073352091,0.052900401115948945,0.0010443095285414396,0.26291158472866855,0.09795221652464926,0.16453949070924945,0.605798751561095,0.09935567640349041,0.979
577,0.31374658591333343,0.026495203308040678,0.38445227252956093,0.1674317890561306,0.10787414919293435,0.0952143421648465,0.1695085785751423,0.5773481174092553,0.09543221912259336,0.66
578,0.337648345889911,0.17656938737490865,0.3150048807728827,0.1118405811466742,0.05893680481562343,0.09621877932662085,0.17606639797952936,0.5848847499743034,0.09647702798592661,0.814
579,0.015326665386819021,0.483060234542297,0.46582113960256744,0.030308860503228813,0.005483099965087548,0.10043489642128706,0.21949176315123775,0.6071117204278701,0.0995353935599903,0.973
580,0.7298764470708743,0.16272953791834643,0.03655212733879357,0.028223186166808654,0.042618701505177055,0.0969425242766722,0.17050683661002516,0.5957098787915502,0.0979707907032219,0.912
581,0.16277255317211914,0.2599824416911219,0.42760935667494193,0.06763114282731257,0.08200450563450452,0.09927455802136569,0.1968616136092398,0.6033079325534471,0.09901441364093677,0.96
582,0.20032106873496955,0.024602698315402075,0.23718313898912244,0.06138305992851194,0.476510034031994,0.0951705514652947,0.1595808008952467,0.5825730650818233,0.09615698080154478,0.717
583,0.12809085807766918,0.09002676724524236,0.3305869101963838,0.05688374483424974,0.39441171964645483,0.09698581281814506,0.172044417810295,0.5918851717754257,0.09744394699278836,0.88
584,0.500791621852134,0.009216296959428704,0.30771458960439263,0.11046010747894552,0.07181738410509929,0.09773007612207862,0.17261258651114683,0.5969278731023333,0.0981383542526666,0.932
585,0.36913863372095607,0.23895378935761807,0.32666408994405677,0.033567434317758986,0.03167605265960999,0.10034745404151181,0.1928061773525603,0.6145961585308031,0.10055761463012214,0.989
586,0.5304115056734859,0.10203110299191827,0.11080947432808426,0.004907184492144436,0.2518407325143672,0.09785352861279048,0.16679381659470527,0.6029457754119868,0.09896475981250008,0.968
587,0.03507126171012143,0.11711363511421866,0.5146062950184437,0.04809153033517689,0.28511727782203944,0.10105175112747937,0.19862404454100668,0.6145483565650514,0.10055109789958827,0.988
588,0.2711486344490447,0.13168882982537528,0.2267102897669199,0.008270878223601718,0.36218136773505843,0.09800705406860136,0.17096344029059132,0.6026927219776096,0.09893005940358224,0.968
589,0.029463461415581028,0.24704575396401693,0.3690239735313464,0.00732923166154266,0.34713757942751305,0.09919041852767005,0.18919837719214694,0.601668430862875,0.09878955684211488,0.955
590,0.13563402782407846,0.2412479986823697,0.3873897473681499,0.03087038113572042,0.2048578449896815,0.0996519168113371,0.1919768660494726,0.6056034442502677,0.09932893299654566,0.974
591,0.24506676318728354,0.0897032226566913,0.40764476743085115,0.12880783421681574,0.1287774125083583,0.09684543427788742,0.1783877477576867,0.5866536266545951,0.09672167256922526,0.844
592,0.7019227271104864,0.03299335941304617,0.10533120156401936,0.0315126863523803,0.12824002556006775,0.09823443642434826,0.16863164200586117,0.6068568318412091,0.09950051399309312,0.983
593,0.2478123117289197,0.13677710096824583,0.1534813822091604,0.013671328828329516,0.4482578762653446,0.09569994787524339,0.1619558889658942,0.5869349249269303,0.09676055743115497,0.781
594,0.32532832224226177,0.4663678354535053,0.13452418236600508,0.040030325217779224,0.033749334720448686,0.09481502314677268,0.17949207935925077,0.5745359017838197,0.09504133636855805,0.641
595,0.09292482195653702,0.2433905067326367,0.4100519112736094,0.11924479813727665,0.13438796189994026,0.09581453008522817,0.1843616871426794,0.5757276373645702,0.09520704930139567,0.729
596,0.10737594847942727,0.0936239974748419,0.5370763972923239,0.0969640569160247,0.164959599837382,0.10013728685588123,0.19777284235661782,0.6093384572900507,0.09983991752644261,0.976
597,0.41582158085133003,0.04585025027257379,0.2716804763463449,0.051217578395480474,0.21543011413427093,0.09864543668937532,0.17228635983661802,0.6047643608112883,0.09921400778399447,0.975
598,0.10580513101563253,0.21038800152213977,0.4388848856257432,0.15305712211277817,0.09186485972370653,0.09514260295572491,0.18363631374746783,0.571739427609858,0.09465208736678332,0.647
599,0.5494231286422816,0.019387511475179618,0.06148080330712698,0.008325587187246474,0.3613829693881653,0.09665659994567488,0.15933466923450232,0.5971173830468296,0.09816441657697883,0.93
600,0.42643862416113254,0.0002346693085131552,0.1696452114373195,0.028074773135074425,0.37560672195796035,0.09724215173646594,0.16174537276100337,0.5987051135846749,0.09838267182546057,0.942
601,0.0685752135895031,0.14595083071448528,0.6271195311174745,0.12289502363395027,0.03545940094458686,0.10083346435030412,0.2131712665990614,0.6070419446780092,0.09952584571860057,0.973
602,0.3489710336460884,0.031984252373381435,0.33618018161679564,0.08039373977763502,0.2024707925860996,0.09827649658688721,0.17402848134773646,0.6000412451751427,0.09856620703796937,0.951
603,0.5176936405011595,0.10395252700631907,0.254988022320192,0.0878692746939174,0.035496535478411854,0.0975975196017901,0.1745717887063636,0.5963409922138099,0.09805762785488148,0.924
604,0.06520635440133056,0.14332360905792085,0.5717154939559609,0.13295327125553422,0.08680127132925361,0.0989620536864133,0.20195504055691957,0.5941566856504998,0.09775696423252667,0.924
605,0.07067235790449555,0.32266016437908507,0.432511446519612,0.10729290508357926,0.06686312611322809,0.0966913290132742,0.19461263131735515,0.5833584627879064,0.0962657591379974,0.795
606,0.040607497662963336,0.4488191080716676,0.37867193882450806,0.09005637221178812,0.04184508322907279,0.09582033669771185,0.1967180922624745,0.5760510752630299,0.09525200661221556,0.715
607,0.23183061234968314,0.014210408371361189,0.2783375227409358,0.05287045023315722,0.4227510063048628,0.09689757393152815,0.16545435249781199,0.5918027828754124,0.0974325869935726,0.882
608,0.13602914051521867,0.08017156093091092,0.47473060501774106,0.11909134106783587,0.18997735246829345,0.09786944618254308,0.18532967331221115,0.5940917713312165,0.09774802391851223,0.91
609,0.00898598311173901,0.17390189763372163,0.32260319367520984,0.009973761936486011,0.4845351636428435,0.09770612038585577,0.1787364060760424,0.598255026405685,0.09832081881258858,0.936
610,0.32033883488575127,0.1498711495772742,0.304939199211757,0.05927901042440577,0.16557180590081175,0.09815931286005318,0.17780222284720115,0.5999824686914617,0.09855813589508733,0.949
611,0.022624771358385032,0.15111002974220247,0.4937408026501752,0.08699493832277343,0.24552945792646386,0.09865499555531343,0.19273285392508277,0.5955251815126855,0.09794537234746303,0.933
612,0.5035088619406513,0.10726183332890035,0.214240408143983,0.07957180252867455,0.09541709405779088,0.09681036770921575,0.16914516417861114,0.5924628463107029,0.09752358507601211,0.875
613,0.16858676371560635,0.015869508965094238,0.24133863155025828,0.05161147586146876,0.5225936199075722,0.09539681701214642,0.1607470451476784,0.5845778028901952,0.09643455341451834,0.73
614,0.2739163766414203,0.19205714621793418,0.36493118391836127,0.12595001918867854,0.043145274033605706,0.0961946925008827,0.18042481168147875,0.579757431955506,0.09576665762829428,0.778
615,0.680529422679211,0.11523143882965091,0.09064746343180317,0.09053833319110803,0.023053341868226822,0.09499725581898734,0.16332958272432876,0.5817211107594329,0.09603893546657094,0.66
616,0.17250430825732366,0.3627127503618913,0.3375125383676683,0.0787164322142068,0.04855397079891013,0.09662061709212563,0.18964672053465187,0.5846510956970921,0.0964446960883707,0.83
617,0.205031315713264,0.05290869499493286,0.478986777808883,0.06028707599666051,0.20278613548625948,0.10131206418250498,0.1933196948779238,0.6203778675219713,0.10134468563827004,0.988
618,0.15159271732215998,0.04037811277996569,0.5609645417916341,0.12229744276656852,0.12476718533967177,0.10003665579351688,0.19732166742233376,0.6033033752963478,0.09901378887050649,0.963
619,0.5566964670446185,0.1719785773970583,0.21892115178031937,0.025105454622100426,0.027298349155903522,0.09991024800695968,0.18354434007148618,0.6111386028976511,0.10008585544428517,0.984
620,0.37540334442005285,0.19461923341206183,0.27308028947768137,0.09206005553095321,0.0648370771592507,0.09643833818224967,0.17512688414293348,0.5848164091036848,0.09646757171635012,0.824
621,0.7250128051945265,0.18840645044671153,0.03347059077484074,0.0013880601944534184,0.05172209338946773,0.09802443011256587,0.1745827714178752,0.6049625858991509,0.09924116205455835,0.98
622,0.2371465779510383,0.24483730947651794,0.3758306969393718,0.037228187397197327,0.10495722823587444,0.10009196477012079,0.19393021054880752,0.612858041070416,0.10032056183834537,0.986
623,0.11550499612835423,0.08733311418133767,0.19472061174290886,0.019948562366374316,0.582492715581025,0.09512537994836942,0.16199742434390635,0.582386253187733,0.09613110081711573,0.721
624,0.071001941155616,0.10924079779534265,0.2836078703286053,0.033008038150295446,0.5031413525701407,0.096314854453008,0.16938704626330453,0.5888194210531658,0.09702091592893503,0.829
625,0.2817661308065103,0.28029519977641376,0.2950364154500257,0.009728966055161811,0.13317328791188826,0.09975576822183346,0.18927776445842925,0.6112844148591181,0.10010576681250005,0.984
626,0.11998670290726082,0.1026034516633745,0.5182900613678912,0.118986937316688,0.14013284674478538,0.09880270638401893,0.19338737821122284,0.60149081638213,0.09876518605597373,0.95
627,0.473855132122046,0.06561071270010628,0.3089187102326122,0.08807366135051348,0.06354178359472198,0.09849820431626265,0.17738407073437462,0.6023303703159404,0.09888036364544583,0.962
628,0.13294434888539594,0.04318510981981271,0.5254945629550157,0.1898905628027645,0.10848541553701097,0.09592173223660494,0.18384537131812764,0.5768216435640352,0.0953590845471326,0.728
629,0.014817979772753486,0.052754353023900684,0.427484278679859,0.12703284264240297,0.3779105458810838,0.09511880884581587,0.17270173233723277,0.5764798039439117,0.09531158778567628,0.648
630,0.7381609302768045,0.007514097990249984,0.14596817192598988,0.08054749505071845,0.027809304756237194,0.09740617632363549,0.16861716637050855,0.5992596495573659,0.09845885951090283,0.946
631,0.16338536066937587,0.2831957316198483,0.2976418303884383,0.021434784573840526,0.23434229274849702,0.0981103340605819,0.18361154468279361,0.596659420569424,0.09810143112639036,0.924
632,0.5692705811885465,0.3029399286726068,0.07662317384999831,0.014426878084623108,0.03673943820422526,0.09695907564432737,0.17598227119759519,0.5967299624354933,0.09811113397900684,0.91
633,0.3603758281196164,0.051183695272087125,0.3095061578817678,0.04599811959984933,0.2329361991266794,0.09927149684624716,0.17593390171636833,0.6105486056281979,0.10000527358213729,0.985
634,0.10790963529805582,0.5310968500465211,0.2885502111545381,0.03422867161581729,0.03821463188506766,0.09675256140913223,0.198061358367492,0.5847225369547989,0.09645458217317149,0.805
635,0.17581470658149437,0.08916254717630621,0.1918913795802343,0.019068236700475083,0.5240631299614901,0.09569736090379945,0.16234136169758795,0.5849051333623018,0.09647984835525825,0.784
636,0.023029038856393628,0.08074031453283048,0.5608398716381734,0.08895505307897006,0.24643572189363258,0.10024830979096463,0.1990053364629323,0.6054315100393155,0.09930538791137122,0.97
637,0.32986626670013325,0.1281927049985687,0.25003873456309,0.029020775002194295,0.2628815187360138,0.09824369615597985,0.17301809287495978,0.6032046132613295,0.09900024888618675,0.966
638,0.5125179841113343,0.03039364916320631,0.19444844073837736,0.11640104464543323,0.14623888134164864,0.09474834385052827,0.15819670439236874,0.5780339846447888,0.09552746638183374,0.64
639,0.3363381701748725,0.3236344795721866,0.15883946683199218,0.021533090875421806,0.15965479254552703,0.09636537928315456,0.17441841613757186,0.5884283124493004,0.0969669014114487,0.837
640,0.17648118463644863,0.183423923820661,0.14730926796125907,0.007110030871866065,0.48567559270976535,0.09512759215616198,0.1626053326363668,0.582030522324365,0.09608181288502893,0.734
641,0.02284772219775639,0.03446287956825921,0.34522578394657566,0.057194761791540275,0.5402688524958684,0.09628535754002264,0.17047293950323691,0.5864528128975831,0.09669390999442484,0.835
642,0.7633098205110265,0.10627233876767599,0.014995178194515783,0.06964934415446021,0.045773318372321466,0.09487375717302245,0.16224961304492694,0.5813173899057259,0.09598297883101226,0.673
643,0.25675905004092336,0.30489113121004885,0.30760903446885074,0.0589080066140734,0.07183277766610353,0.0976069560644972,0.18637262443706126,0.592274074123589,0.09749756352674122,0.89
644,0.3170638613405943,0.27020168530963246,0.2156885744917913,0.02214105783655191,0.17490482102143012,0.09756650537305589,0.1774015184516543,0.596631626380531,0.09809760801286593,0.922
645,0.5251452668497001,0.2587418854805662,0.11831948405800324,0.05160544592116516,0.04618791769056525,0.09588719470349466,0.17109828260616877,0.5859911192532014,0.09663007001678237,0.803
646,0.033684241427654936,0.5122389372676762,0.2750756418344856,0.020037252856714805,0.15896392661346836,0.09631205708158654,0.1927946861466449,0.5852954698362205,0.09653385208223852,0.794
647,0.03615255968683718,0.2812516053230134,0.5331982072686723,0.0832247590593169,0.06617286866216017,0.0999463666209159,0.20959732815666934,0.6022671120269878,0.09887168698417703,0.956
648,0.07493797612739057,0.3266986691994675,0.3864193060784624,0.0009673622356581763,0.21097668635902145,0.10036633111263087,0.19905904127906537,0.6111699146260713,0.1000901313423006,0.984
649,0.49880992666325197,0.0900140199435768,0.23744551061011104,0.06000165478523512,0.11372888799782509,0.09822416256654973,0.17325960167007617,0.600180187395061,0.09858528553691026,0.951
650,0.0012624586816838567,0.505878785288437,0.4054151358031075,0.06701447335761199,0.020429146869159618,0.09713235168080198,0.20695954819909332,0.5833392690308147,0.09626310129882687,0.827
651,0.3287788037673893,0.037563766418043404,0.387544498937009,0.15697758364440204,0.08913534723315629,0.09591240924710105,0.17254662328224246,0.5800566072361347,0.09580815785610453,0.784
652,0.48750474319305365,0.21203728696295016,0.22813268451155047,0.026485458154562196,0.04583982717788353,0.09938651892776403,0.18342392621239947,0.6098892963331656,0.09991519713425756,0.989
653,0.18712023046712187,0.02885672919968103,0.6035693992473573,0.12322119394283274,0.05723244714300705,0.1014154835584277,0.20534926359354594,0.6128254925370484,0.10031612076433749,0.984
654,0.10614938379823746,0.15099330730497035,0.2965819677524244,0.05551800868182158,0.3907573324625462,0.09597773264111101,0.17017550242859783,0.5859371150765241,0.09662260170123149,0.803
655,0.38775297863369984,0.05005540083721296,0.19615399227855032,0.043726564129832786,0.3223110641207041,0.09681368420745828,0.16301592780473528,0.5938546986520343,0.09771537064815039,0.892
656,0.033704455084759326,0.3520937170973439,0.5209036548586973,0.05551582980688863,0.037782343152310875,0.10086142358100504,0.21593394603988725,0.6092102320858395,0.09982239085985767,0.976
657,0.004342499763262228,0.31756370072387125,0.36097536810004316,0.09021853320339954,0.2268998982094238,0.09500797520598074,0.18216509066579614,0.5701609967928533,0.09443213652096838,0.616
658,0.7897851435967153,0.022677368883802552,0.07202663988754152,0.1061179299016803,0.00939291773026044,0.0949232105875801,0.16140998170048934,0.5793646021989179,0.09571215653057874,0.658
659,0.6343400738676599,0.2098940853065806,0.016243744500182202,0.026936721186090577,0.11258537513948688,0.0955373418978071,0.1652475904889757,0.586820445756986,0.09674473323327448,0.773
660,0.1740067639476838,0.20784172810847057,0.37639196364027666,0.035119663551577016,0.20663988075199197,0.09956948187066281,0.18898241674000046,0.6047365919030175,0.09921020358881494,0.967
661,0.19528543996728054,0.4004992682212882,0.22155300752122692,0.000971344669455785,0.18169093962074861,0.09744796907757798,0.18474969811105757,0.5940865198496104,0.0977473006463323,0.924
662,0.09341385083625477,0.2125607424941487,0.4942626404609405,0.11789135625583752,0.08187140995281858,0.09798559348837338,0.19630992468756342,0.5917270587922061,0.09742214554205897,0.909
663,0.21939623694449012,0.08701554447955202,0.5143858458755434,0.11925245389925447,0.059949918801160025,0.09968724809086706,0.19578434402373182,0.6048799563225573,0.09922984319851058,0.967
664,0.6279044092793272,0.1230721801513021,0.13927169679178045,0.10150695579202453,0.008244757985565744,0.09519302350194665,0.16523657751029674,0.5819894793049777,0.0960761256402749,0.716
665,0.2819333863847482,0.4055382836328888,0.2996860186467825,0.011544056458494214,0.0012982548770862378,0.0997920017893848,0.19987506761570015,0.6068575110367309,0.09950060694172236,0.971
666,0.1253425281671969,0.39477968254463425,0.3304358328364735,0.06613595229938032,0.08330600415231519,0.09653820324911172,0.19035997198179774,0.5836479824437251,0.09630584699948064,0.819
667,0.4454842288299802,0.04399542347848489,0.17284185115111622,0.0749993523569285,0.2626791441834902,0.09540091771101594,0.1582666509480588,0.5843439423371424,0.09640218795678757,0.745
668,0.26550671846910157,0.05858855308649212,0.5024022543097675,0.1716473553928956,0.0018551187417433497,0.0974909925497549,0.1886494945367541,0.5885115379377083,0.09697839625728011,0.871
669,0.3327382994204604,0.04410383105150978,0.19374358841565034,0.049161635900833486,0.3802526452115459,0.09595869908905835,0.16007597862352665,0.5870169391277861,0.09677189350799265,0.828
670,0.6654655907615169,0.025648914086702466,0.15205792468561974,0.08674915257139194,0.07007841789476899,0.09655239215904303,0.16494031247833213,0.5946069785486028,0.09781897273250229,0.895
671,0.8167385796860477,0.11262807256484535,0.012245553190820158,0.008145226165877529,0.05024256839240933,0.09810698944916649,0.1731490748932043,0.6062902436825842,0.09942296484965563,0.984
672,0.8098341591260522,0.06238371094192593,0.056747695874556366,0.035833675392313885,0.03520075866515155,0.0979045185954703,0.17135574312494797,0.6056756681392993,0.09933882290835272,0.975
673,0.506657695172615,0.10700389693399213,0.1629555693367511,0.08384707692336724,0.13953576163327433,0.0953673477235934,0.16206946644277154,0.5833563220564747,0.09626546270331215,0.731
674,0.6209263124277031,0.25271070615544916,0.06702063260684114,0.03673478335260519,0.022607565457401415,0.09623171368858083,0.17189498078706897,0.5895740216131289,0.09712510088102855,0.843
675,0.05803420708042351,0.2533514681654031,0.34588772345286833,0.027717135860213515,0.3150094654410915,0.09798026404341632,0.1845632896009977,0.5958963484952371,0.09799645059558193,0.921
676,0.25479733011545597,0.07425327433841546,0.21125966413850136,0.028875195864518366,0.43081453554310883,0.09653008109071376,0.16378020824733366,0.5923848764730343,0.09751283752080853,0.882
677,0.2797070951395237,0.019450633802912072,0.495873381213757,0.12429522355353435,0.08067366629027285,0.09960062042183011,0.19020708642561593,0.6043845907483039,0.09916197670644489,0.967
678,0.32706142532136107,0.036798837783702194,0.38745008020036265,0.09442562156104006,0.15426403513353404,0.09870771328797585,0.1793073548483159,0.6020856320107104,0.09884679322135947,0.959
679,0.023315938449025447,0.11156000788640559,0.661080077806526,0.13091652773057386,0.0731274481274692,0.1008689175817776,0.21415459615036517,0.6088475390409214,0.09977280953218748,0.976
680,0.2256124240361061,0.09637854392518838,0.2046684903138578,0.019833109187196152,0.4535074325376515,0.09648034658478367,0.16446760421330528,0.5914063878162041,0.09737792441877557,0.866
681,0.2803386283195051,0.20706994953820568,0.27148771576333214,0.015339706727671343,0.2257639996512857,0.09890029237453316,0.18020388619866018,0.60442748925286,0.09916785458647892,0.967
682,0.01920684776143127,0.0011622382716464257,0.7176833450097283,0.1196574520741586,0.1422901168830352,0.10274956675952036,0.2175351539127961,0.617014572331417,0.10088711008617057,0.984
683,0.09049032214931163,0.05055894783075253,0.4349773691567869,0.05871971993126396,0.3652536409318849,0.0991369500535059,0.18330722464428187,0.6068884180188934,0.09950483656183051,0.978
684,0.0761949513292451,0.1493466156218166,0.2576086603010119,0.03990002025191996,0.47694975249600646,0.09540666510948136,0.1670276271922347,0.5818231824348201,0.09605308102510035,0.734
685,0.14134254231598903,0.20777127047968375,0.4673194354516244,0.15831802515604895,0.025248726596653916,0.09597210017742831,0.18931028009626774,0.5757966852173173,0.09521664745374414,0.74
686,0.41385352923586066,0.027768834918062157,0.2807643440940103,0.1208837748023285,0.15672951694973855,0.0957178740286041,0.16412014881333803,0.582363546523666,0.096127954982969,0.774
687,0.2689191289889794,0.2470467513875115,0.22617420862683232,0.07810120667711379,0.17975870431956292,0.09482899220509049,0.16851151883677284,0.5754182702685583,0.09516404089967034,0.613
688,0.31881465327604686,0.0011427009760282764,0.2769234183744602,0.08315677509370106,0.31996245227976355,0.09636917711290542,0.16317078630752063,0.5891214798956197,0.09706262484405626,0.842
689,0.3247075482746088,0.26006727678393704,0.2212881068983147,0.02097454311967603,0.17296252492346337,0.09783542371481851,0.17796736554411244,0.6002304456183931,0.09859218629114141,0.95
690,0.20647871126141945,0.18281687228389104,0.296038146433318,0.023656961264572687,0.29100930875679865,0.09840117751654134,0.17840294755094865,0.6006420666415295,0.09864869779180929,0.95
691,0.4764297648020028,0.16031109706353605,0.09620387121315843,0.0480697582408247,0.21898550868047797,0.09500625530751186,0.1600639118041007,0.5825124320318809,0.09614858127029846,0.689
692,0.3719377294914473,0.07564605283499644,0.2978374851426863,0.1012551348307377,0.1533235977001324,0.09660883335609846,0.16963335030585017,0.5904797723396471,0.09725010235049769,0.848
693,0.14877970306789648,0.3797044125497766,0.25092145097322577,0.059293787264842475,0.1613006461442587,0.0950926128780917,0.17873793809514887,0.5759749717245313,0.09524142901551702,0.65
694,0.04197809159417781,0.014636143395282986,0.424290056277819,0.013483002595742762,0.5056127061369773,0.10042029720607883,0.1851889277504464,0.6146803627392728,0.10056909361812627,0.988
695,0.35661633217543326,0.03796742058750547,0.23711434207477985,0.016924652400175228,0.3513772527621063,0.09873241251561597,0.16965715886175137,0.6064904956425716,0.09945037591393446,0.974
696,0.15844054934385263,0.11559484608322661,0.3751431767336988,0.02535273022086799,0.3254686976183539,0.09982211205184194,0.1839248882007886,0.611216190700879,0.10009645063462225,0.987
697,0.5000127844298707,0.0060788505926285775,0.19617945954371546,0.10766884320743911,0.19006006222634608,0.09505951638855685,0.1576203082117494,0.581847234108267,0.09605641410944843,0.682
698,0.22867576839618936,0.007413751257458314,0.2975121560484528,0.10857600854522764,0.35782231575267176,0.09483864120063795,0.16018724741613297,0.5772897445530858,0.09542411127966055,0.663
699,0.291081649627941,0.2629486390924286,0.2450266147858843,0.07868816531002716,0.12225493118371884,0.09549551442697529,0.17319873934049052,0.5799233387776667,0.09578967224103385,0.726
700,0.16679118430095619,0.22004312961636224,0.32057826516013854,0.010632163145324782,0.2819552577772183,0.09920392113047342,0.18425796221067245,0.606195593586551,0.09941000792080756,0.972
701,0.15655702157456883,0.05211731816259524,0.5284310017745959,0.07864903800487005,0.18424562048336987,0.10123713854989141,0.19740697593611206,0.6168666523828047,0.10086696813736684,0.983
702,0.13150943839877927,0.17409774475065387,0.4205149144357073,0.029900331692345426,0.24397757072251408,0.10048245231872494,0.19258232031602765,0.6122548401519119,0.1002382466352354,0.989
703,0.291385513806518,0.0006591453960309914,0.3476084310951611,0.12581181679037134,0.23453509291191846,0.09594253415987747,0.16634277122797023,0.5817955155394892,0.09604924689264305,0.782
704,0.7284797405379405,0.13783616153447642,0.05376367203041588,0.060165292665091276,0.019755133232075863,0.09592145103621068,0.16712286320259825,0.5887179990786309,0.09700690994852113,0.821
705,0.09350378296426547,0.43700026642486356,0.4226893500416178,0.04026142883998651,0.006545171729266646,0.0996905072828837,0.2105000301038979,0.603081426265168,0.09898335937632363,0.967
706,0.05802126165758267,0.13748566846069316,0.46702885886042,0.13034309787791884,0.20712111314338535,0.09639049468357998,0.18390733423295372,0.5820761417422206,0.09608813413316919,0.789
707,0.386030854625182,0.013031506095865552,0.2547460572961971,0.04619861942910389,0.29999296255365154,0.09815002210434706,0.1679552392274846,0.6015383487736948,0.09877170826846449,0.954
708,0.20601785761248034,0.36038370837022077,0.2748618977796728,0.07206909854132547,0.08666743769630063,0.09568861658625698,0.1818451162908619,0.5789757003791278,0.09565818971016182,0.733
709,0.07560819694219538,0.09075449134290642,0.6095676365723033,0.15552633560785137,0.06854333953474354,0.09899658778137624,0.203046550727061,0.5951148394352043,0.09788889194273764,0.933
710,0.16590937692185517,0.23881557910767634,0.3612815613663333,0.09580670381518482,0.1381867787889505,0.09637983113169359,0.18164466688446385,0.5823731673856083,0.09612928788400832,0.793
711,0.41260173925928734,0.027253557478236375,0.2238329385118988,0.0451811818996771,0.2911305828509003,0.09768868766990486,0.16597889054297313,0.6000222316329838,0.09856359613850163,0.95
712,0.41182586117035513,0.103937949975204,0.38099998499296,0.08999699215787559,0.013239211703605229,0.09959339358942314,0.187612751676003,0.6059445259066452,0.0993756355714912,0.977
713,0.1934734657684933,0.016212366605527002,0.24040562017752007,0.028531711076613994,0.5213768363718456,0.09666094816367533,0.16411202326183313,0.5931498609660564,0.09761826668258267,0.883
714,0.44424050972536594,0.18170299315053415,0.22783621107085353,0.018865574097603432,0.1273547119556431,0.09928935953963286,0.17972357329573757,0.6088545651621584,0.09977377011091315,0.983
715,0.20286674322302184,0.0804245346800168,0.3729786572930675,0.09190351450362719,0.25182655030026674,0.09721747571189371,0.175109458045011,0.5898383596612331,0.0971615877151959,0.882
716,0.11934020761518727,0.5141521611065121,0.2865448356869528,0.030301176015862293,0.04966161957548535,0.09699347004761187,0.19716759257587693,0.5881838846270747,0.09693313901447942,0.848
717,0.2270359417340424,0.13376166635914333,0.24945955593404764,0.02075305705911946,0.3689897789136471,0.09757296074803123,0.1709003842285198,0.5959664996527543,0.0980061033988775,0.933
718,0.040714521749291216,0.0586552208862703,0.6981682938207412,0.14452185747032315,0.05794010607337414,0.1013578689768469,0.21643382645525336,0.6071603437897486,0.09954204679506518,0.97
719,0.16993098679919277,0.25221222141653116,0.2654412140840957,0.06755950817727582,0.24485606952290445,0.09529516235211691,0.17178843591619886,0.5800377732944668,0.09580554548320186,0.705
720,0.117632933004655,0.26015367840041115,0.2213077418579483,0.010832129642265034,0.3900735170947204,0.09622157704259332,0.17222023147553572,0.5879040399263733,0.09689447944022422,0.835
721,0.04539884291519839,0.20718708611774025,0.5532985618565187,0.04138815658530393,0.15272735252523878,0.10242398542922629,0.21196724659674934,0.6212828019345681,0.10146767203073503,0.987
722,0.31115974936020135,0.08887184758298793,0.23770807206114578,0.013516989177951985,0.3487433418177128,0.09844603478212281,0.1708754998285236,0.6045716695057727,0.09918760899782364,0.974
723,0.13906782672132792,0.27591780713550396,0.19056905588751227,0.005715369084014713,0.3887299411716412,0.09589771305562043,0.170557611641787,0.5854214483025474,0.09655127915054074,0.792
724,0.4900066519505868,0.15432250447058343,0.04319385027286751,0.023479190666471753,0.2889978026394904,0.09492334919633631,0.15818320343824757,0.5825466092130515,0.09615331588650289,0.685
725,0.007564519999654861,0.15253249744732927,0.6523728421833199,0.14203987088313322,0.04549026948656271,0.09999317206483854,0.21402048516374803,0.6005425853560298,0.09863504105939436,0.953
726,0.37569896195821134,0.10780386374694424,0.11532516753159341,0.030924428969680718,0.3702475777935702,0.09524851950423631,0.15809103695816892,0.5840462045939446,0.09636097659533593,0.715
727,0.11101777694759515,0.07354346580627091,0.6177147720033547,0.18574921215134427,0.011974773091434882,0.09819433252274931,0.20189027335355175,0.5859428994359291,0.09662340163837224,0.887
728,0.10621892434263126,0.08688553818062886,0.42766401857012654,0.13061256960754325,0.24861894929906997,0.09587622407534002,0.17610575052968927,0.5781600662986724,0.09554497189844513,0.742
729,0.15683635498896592,0.10612532150124923,0.2505130895735078,0.0658264729142258,0.42069876102205134,0.09486899950808719,0.16236774236576001,0.576718668793273,0.09534477762819416,0.644
730,0.6244027317688418,0.27562633529949854,0.028544412057154658,0.02852080231132835,0.04290571856317674,0.09567420151510751,0.1700676904963936,0.5878655170708097,0.09688915721462443,0.807
731,0.3286147483487238,0.08406642549460466,0.3988228953200811,0.11078241367094106,0.0777135171656494,0.09827151125129692,0.18242645169017999,0.5949097678158186,0.09786066106851954,0.927
732,0.420398291138476,0.10672256980578639,0.29565590845398976,0.1061147702488462,0.07110846035290166,0.09682021596153642,0.17319458007504973,0.5885470097719643,0.09698329537036376,0.858
733,0.5386936004110938,0.03675232383300159,0.14176084854015755,0.014505115934577177,0.2682881112811698,0.09827822700055892,0.1663176425497473,0.6062358184232023,0.0994155144911355,0.979
734,0.18784631361514098,0.2241896831464832,0.36340127751298146,0.12346131184716443,0.10110141387822989,0.09540773604085356,0.17881684271775244,0.5758841849539955,0.0952288100684684,0.675
735,0.3445246844976286,0.043293728755548745,0.41123670660157247,0.149402177570668,0.051542702574582204,0.09700306651933556,0.17834336806982568,0.5903858479316076,0.097237142613112,0.872
736,0.024259775020839716,0.3559858843398001,0.5141939485287947,0.10190527037768476,0.0036551217328806727,0.09851170929643245,0.21020275702170862,0.5944875986438892,0.09780253464450528,0.917
737,0.19006323665602337,0.33258128730368575,0.26568595472776324,0.0074986316819883716,0.2041708896305394,0.09820534280906486,0.1850878926978118,0.5996465659749984,0.0985120054328783,0.948
738,0.24518208015507498,0.1592488405763178,0.2889209195639166,0.027652110325727296,0.2789960493789634,0.09843049882599095,0.17692593754135205,0.6033073885955514,0.09901433906790724,0.96
739,0.5847170010095731,0.24787283476366284,0.06945822771899474,0.03908694838410432,0.05886498812366498,0.09582471302578592,0.16927130148973635,0.5893110462394056,0.09708879732120446,0.817
740,0.07112370092839664,0.5274089568331888,0.3791682652656731,0.019500321891742903,0.0027987550809985932,0.09931292915579737,0.21235637089956805,0.6002870222846727,0.09859995439787772,0.95
741,0.6768710561997812,0.2679065778480147,0.03638597642597895,0.004957725922164368,0.01387866360406086,0.09745526230614988,0.1766315066655289,0.6003143782385911,0.09860371035462978,0.952
742,0.3687203245249009,0.1444860557980742,0.1955354259623967,0.07300330486629773,0.21825488884833058,0.09529044017532556,0.16303669715208924,0.5818541400491043,0.09605737112822599,0.698
743,0.01988050313455222,0.3873450798853906,0.2240475183586819,0.009505206064924004,0.35922169255645126,0.09537225871739098,0.17764930803307408,0.5785485964650289,0.09559890943857341,0.696
744,0.25062898573417136,0.16065723361204176,0.4053673983386032,0.16110268918604434,0.02224369312913944,0.0953908538024348,0.17992644771486088,0.5731214543845977,0.09484452469495874,0.673
745,0.10002656541903202,0.2870139121759177,0.4326985389566498,0.10249602448191238,0.07776495896648816,0.0972054080264205,0.19349254266015886,0.585006739796674,0.09649390680564585,0.851
746,0.3702656018196478,0.16697537717585123,0.19652552664298242,0.05173460487602657,0.21449888948549198,0.09628773696484987,0.1671369279940273,0.5888627246850169,0.09702689577426571,0.846
747,0.1210909279916275,0.3218166100627507,0.4071338052358156,0.1421988666375619,0.007759790072244168,0.09499030541212136,0.188937278854713,0.5706234450018929,0.09449659597037274,0.634
748,0.2369096869423168,0.25986915006785216,0.2901224844760209,0.0626412063526587,0.1504574721611515,0.09680330469545406,0.17899908216622604,0.5893582157772046,0.09709530939538613,0.865
749,0.13847646641392405,0.4388694413893302,0.2993560013836229,0.03178399069982218,0.09151410011330065,0.09743838511723782,0.1933980805706555,0.5896513984964533,0.0971357817888534,0.891
750,0.26875631109675646,0.2985312212370528,0.3446610578127554,0.06461835502727821,0.02343305482615728,0.09839626358005894,0.1917621770564,0.599093568172849,0.0984360438102807,0.943
751,0.21699867232999692,0.2275671150880885,0.4230389634144612,0.12783000079194073,0.004565248375512796,0.09699361077302418,0.1899010817172818,0.5859259584356609,0.09662105880790484,0.851
752,0.1499063134382517,0.39531271633696663,0.19775692726466929,0.025321060198493072,0.23170298276161921,0.09530353860706706,0.17648449591605414,0.5786268488277534,0.0956097715056019,0.689
753,0.4262405991362438,0.062389988670874065,0.06423103078549104,0.01388929074112345,0.4332490906662677,0.09524316367764916,0.15601639148207216,0.5862221926703254,0.09666202319582506,0.745
754,0.022927415015575773,0.3463097513141507,0.446355460399755,0.022822655697631235,0.1615847175728872,0.10036114115375622,0.20575842881266593,0.6077869545473599,0.09962777283382529,0.969
755,0.013650359845870848,0.18750782819092063,0.578998011182851,0.08958316316585989,0.1302606376144978,0.10058021153556633,0.20886027273575214,0.6094098590534481,0.09984967670613254,0.971
756,0.48370490933231414,0.1235398301883345,0.04668002347511294,0.004731917649230106,0.3413433193550083,0.09579111338598562,0.1595373415408951,0.5900535230694725,0.09719128334389793,0.814
757,0.6500020166710774,0.1259226480443152,0.08625059517695224,0.04335206565876936,0.09447267444888581,0.09670544209148996,0.16699782040904,0.5930924282705773,0.09761035278995456,0.886
758,0.12039400321995683,0.091390363553694,0.3057552382945415,0.07568445074275934,0.40677594418904833,0.09544202070613894,0.16642480225383158,0.5809029625181114,0.09592552635651974,0.719
759,0.25542563678162633,0.11858354090074352,0.3371322793133637,0.07931846835150085,0.2095400746527655,0.09741323227483281,0.17547742832107788,0.5942095656178256,0.09776424690213026,0.907
760,0.7137408627918321,0.11994652302709567,0.006010139438595138,0.0042475367078541135,0.156054938034623,0.0970965229620298,0.16679399225014038,0.5978665091510454,0.09826741580991616,0.928
761,0.09149365678361512,0.060606771041319424,0.37989521145685784,0.09126697343359763,0.3767373872846098,0.09630530304974569,0.17220170915215452,0.5854185848904914,0.096550883056439,0.815
762,0.16790442615366374,0.036112232285799364,0.6416557872744136,0.12928983490166188,0.025037719384461168,0.1019023963728222,0.2112579894023629,0.6161430980570954,0.10076842201726954,0.989
763,0.09468990225226398,0.31017023783730613,0.17329794552810293,0.002312560792330467,0.41952935358999643,0.09517528242507034,0.16983446591114182,0.5805658909714813,0.09587878891216173,0.698
764,0.1595791239968369,0.48454540140068403,0.3183002642354794,0.028870004210216602,0.008705206156783038,0.0982541476563956,0.2016944178855806,0.5932363999039578,0.09763019081571866,0.922
765,0.015428883680024739,0.53563367302617,0.26818349737504105,0.02864917872533314,0.152104767193431,0.09556966322853627,0.19206750288227498,0.5775172815512274,0.09545571424082366,0.698
766,0.2993239187859459,0.22028680048988272,0.26737686847699926,0.03650779648853421,0.17650461575863807,0.0980348100578004,0.17874770887264538,0.599875189997353,0.09854340385327598,0.947
767,0.19186182767956855,0.4847071339714388,0.18734970093782963,0.007660006664566431,0.12842133074659662,0.09625766050033593,0.18554601319482952,0.5851415687304348,0.09651256086817916,0.813
768,0.5526184132629588,0.202754305308803,0.046656438100739814,0.02594350102557226,0.17202734230192623,0.09552513753899734,0.16358084622149321,0.5867303051686911,0.09673227266003703,0.787
769,0.5091769343067911,0.4204036226863783,0.008027168346595264,0.0166213955883343,0.045770879071901076,0.09454448575025777,0.17248744581886089,0.5763561559986045,0.09529440554507573,0.608
770,0.4966129170983671,0.08232671522776203,0.16651780412339898,0.07821858664726702,0.17632397690320487,0.09560923787494163,0.16130693410748315,0.5833735180241344,0.09626784388097742,0.777
771,0.017618612186560783,0.2021147500165497,0.4146702096169487,0.09106053114457427,0.27453589703536646,0.09644521746078348,0.18302008819374357,0.5837845312971093,0.0963247519764967,0.819
772,0.1580759874800057,0.12114852063469465,0.48052093743076485,0.17179803357684437,0.06845652087769034,0.09586287179961117,0.18439429591794576,0.5779618795449246,0.09551745461251215,0.729
773,0.26360968184680006,0.189720371752936,0.23137623336953259,0.04062943006848194,0.2746642829622494,0.09659217829962462,0.17008753905979532,0.588693521684526,0.09700352960840153,0.857
774,0.0964094204656366,0.3158814220630161,0.3890151074335978,0.10903989766519007,0.08965415237255939,0.09578267649556275,0.1876847454129393,0.5772704706890062,0.09542143413569226,0.743
775,0.027690638491039015,0.3683773295415964,0.30216710395417895,0.06604898831969047,0.23571593969349508,0.0948588795093788,0.18041046717137038,0.5716897803765136,0.09464517182679799,0.63
776,0.12585353827524554,0.13177559481099907,0.17640395397044042,0.01972378257395741,0.5462431303693575,0.09478106401618538,0.1614618182092241,0.58101594228258,0.09594119004638157,0.649
777,0.08367138223644403,0.007643008139776327,0.6866890546705552,0.1810354529540173,0.040961101999207127,0.09985734480619754,0.20901061704200682,0.6003697271367258,0.09861130956944275,0.951
778,0.32580408509288394,0.23326978372756546,0.0798136510519847,0.0062821570404127565,0.35483032308715307,0.09497068506040987,0.1615662943554473,0.5815858945200317,0.09602019545860396,0.678
779,0.3933719360748527,0.19401191290256184,0.30809300246233345,0.06290639730228427,0.04161675125796755,0.09880525654370405,0.1846181962902227,0.6034975320032403,0.09904040523845303,0.971
780,0.011039896931379604,0.3518835870113902,0.39753281106903543,0.0708123749471186,0.16873133004107602,0.09686216237341932,0.19272529955720877,0.5833356702689847,0.09626260296047717,0.848
781,0.43474037891079004,0.019136856347378793,0.10715735187136304,0.05065034915034548,0.3883150637201226,0.09474707187412643,0.1535950910573852,0.583074778289495,0.09622647354354186,0.644
782,0.5326871122654383,0.0351743613881387,0.29313572365362706,0.12203538424904875,0.016967418443747304,0.09716367192278787,0.17272483366293165,0.5952130775637527,0.09790241471746963,0.917
783,0.23694069257808298,0.5188390673186767,0.19257261395683847,0.007163677904801538,0.04448394824160018,0.09686135676898572,0.19139031479747812,0.588231702951422,0.09693974440487807,0.861
784,0.5145792943296871,0.02181693903545503,0.31484262858173934,0.08925729978900945,0.05950383826410926,0.09900028016733493,0.17760475132563852,0.604546511651254,0.099184162174486,0.972
785,0.46405605683678103,0.008176321400170727,0.11018924223883188,0.02066777745172047,0.39691060207249595,0.09646524163901118,0.15857298019047333,0.5942256596860765,0.09776646335117833,0.885
786,0.319149129589089,0.3466567341715265,0.23156961611227556,0.025154681831967906,0.07746983829514123,0.09784877101625926,0.1850150328892779,0.5965541765621405,0.09808695444579896,0.922
787,0.013001009063946944,0.39938601255345935,0.4658075119755198,0.044517258145361234,0.07728820826171266,0.0997719212734862,0.21063882092078984,0.6042684405362198,0.09914606137110216,0.964
788,0.25028671356356524,0.14159033226200557,0.2548571191438532,0.05835661387381195,0.2949092211567643,0.09624824748991047,0.1678377119332418,0.5863326119140995,0.09667729081976906,0.837
789,0.2473031586708677,0.06624022334422984,0.2960803663455681,0.10972139404067571,0.2806548575986586,0.09493757801351749,0.16294411826394742,0.5769588506757539,0.09537814641454712,0.64
790,0.36832147847480035,0.16971046195442016,0.2724514944334522,0.1014591236624569,0.08805744147487041,0.09592884158077375,0.1718328224056938,0.5847397196745198,0.09645695987521363,0.797
791,0.4108946971661758,0.016326942747603164,0.4060480236958261,0.1510015049168327,0.01572883147356217,0.09746507984279994,0.17902652682101572,0.5941690651839282,0.09775866916867804,0.907
792,0.326299180642747,0.10413191345729847,0.2037811237878958,0.05639800515807012,0.30938977695398856,0.09581960966901171,0.16248331093923518,0.5858038047198875,0.09660416514856007,0.783
793,0.09999093077621313,0.02964345994942759,0.3532449097213185,0.09632076853608892,0.4207999310169518,0.0954965974666711,0.1669810121910075,0.58079233739701,0.09591018825031661,0.718
794,0.40672518379325223,0.1917399687920357,0.284722295520918,0.043340953831332046,0.07347159806246212,0.09923496630354556,0.18378862020643238,0.6067545365130441,0.09948651440982137,0.976
795,0.07415694311379092,0.21852354502916319,0.5266110645183559,0.09343626294093399,0.08727218439775604,0.09970221421175478,0.2040300420345095,0.602778668440229,0.09894184545889506,0.961
796,0.7312558703338,0.08632014139333331,0.03391107240512873,0.03511596534547832,0.1133969505222596,0.09658011707291969,0.16512175568359147,0.5928980463551607,0.09758356639478927,0.897
797,0.07708067344559788,0.1959552467518897,0.6020142641632001,0.11648740512099,0.008462410518322243,0.1005792301080914,0.21353697935948257,0.6049200483948398,0.09923533519332128,0.966
798,0.29583196080542673,0.11781434404397412,0.16232395122552515,0.025779229067103053,0.3982505148579707,0.09585635308067275,0.16161548342071433,0.5891257407201632,0.09706321314223287,0.808
799,0.6265218789584697,0.16209321343951885,0.1630108846551367,0.03182785248545656,0.016546170461418274,0.09890823754411757,0.17880813033298537,0.61019131018707,0.0999564626677103,0.987
800,0.40792997408249515,0.4420250910097549,0.10654827122870122,0.018031467633988843,0.025465196045059743,0.09593159047801297,0.18067569456690097,0.5852751198326918,0.09653103688686793,0.766
801,0.06671598733001495,0.25786174302630666,0.5098759693603779,0.111273066070792,0.05427323421250856,0.09840677113412397,0.20212676697364051,0.5929443384344494,0.09758994581561509,0.908
802,0.5780903844640684,0.08948773621867373,0.17819374207582556,0.06953689586412083,0.08469124137731161,0.09710658708265091,0.16869323448025328,0.5958430975492601,0.09798912303572727,0.924
803,0.09581154611822076,0.1739357272707361,0.45347580551121675,0.13583294366962076,0.14094397743020562,0.0961825281338297,0.18483527237171618,0.5811003598278869,0.09595289324135914,0.77
804,0.3952546183943329,0.06635566463198796,0.1752052041399335,0.07907680387185712,0.2841077089618887,0.09477422011320812,0.15701196442205245,0.581396843148345,0.09599399213574311,0.655
805,0.5015518051271058,0.18461284837309974,0.17415102728654688,0.017879022700645085,0.12180529651260259,0.09856473771190571,0.17589436169647643,0.6058965643240855,0.09936906891562525,0.97
806,0.31333029682940305,0.06222812085465244,0.11234416220111998,0.016813297807080768,0.4952841223077437,0.0951853086220034,0.15697048251754672,0.584929384873078,0.09648320390374443,0.73
807,0.0011122733312411408,0.3073289860679042,0.49978545895294907,0.13821318574566174,0.053560095902243865,0.09628616584858136,0.19907554694054852,0.5768364037727632,0.09536113521256451,0.745
808,0.45611227526622433,0.012619464885734996,0.08214050209917903,0.03249282282295583,0.4166349349259058,0.09515245827810868,0.15446135080603252,0.5858441302671135,0.09660974222097263,0.728
809,0.26962900137106244,0.23422409534593314,0.27376744172109113,0.08095282864543533,0.14142663291647792,0.09589759876769331,0.17411687307810195,0.5802118266571569,0.09582968670814362,0.75
810,0.28024324268407974,0.3965783440440667,0.27012703675145566,0.030232125585073523,0.022819250935324435,0.09819516269429888,0.1923615556239875,0.5976746367739233,0.09824103847476473,0.939
811,0.12905639863658633,0.02833130159434165,0.2115313842964572,0.02052690856174929,0.6105540069108655,0.09565513770849857,0.1623813818475864,0.5854485536702583,0.09655502859172649,0.777
812,0.41854942719906907,0.02689875258999633,0.3409784774487104,0.15938180820495068,0.05419153455727345,0.09553777483898566,0.1688643565593612,0.5787107966984675,0.09562142367675186,0.704
813,0.48997324935399633,0.40346461304967746,0.05756136298930215,0.020629562329558555,0.02837121227746544,0.0954104362634424,0.1756493035414274,0.5833576665417667,0.09626564887900368,0.729
814,0.06642308225994654,0.18823082387604337,0.3115020137992987,0.030903708964135863,0.4029403711005755,0.09706111426419581,0.17618578335587884,0.5930152387255531,0.09759971615841545,0.896
815,0.0743470460581323,0.22509450168547354,0.4927694049602949,0.06221301311334551,0.1455760341827537,0.10026311999448816,0.20199904957917508,0.6051683494404891,0.09926934615779559,0.971
816,0.04084197228070074,0.2701116362034306,0.26418518126140317,0.032027379010792535,0.392833831243673,0.09557181719885645,0.17367931327740962,0.5817427754360718,0.09604193791736515,0.758
817,0.18271118037953796,0.33605250393658076,0.2931700742699886,0.06652712943890057,0.12153911197499206,0.09616264283579457,0.18230559203670704,0.5813914299784194,0.09599324181050162,0.769
818,0.04580741700312576,0.4041497507870164,0.2422003481260436,0.03365079894758956,0.2741916851362247,0.09499879692054079,0.1787819747999338,0.573192737107186,0.0948544466350354,0.647
819,0.29608796463801623,0.018193098766851303,0.32330662875639604,0.08650141713173531,0.27591089070700114,0.09715098159436197,0.16875383581398717,0.5946473122924009,0.09782452628918303,0.908
820,0.23656086577794233,0.27334957259839077,0.33223859723293764,0.12724409864291922,0.030606865747810165,0.09494558914967151,0.17946534288918226,0.5748388060962291,0.0950834652551229,0.615
821,0.12228332690492742,0.5700970784328583,0.14905727975110147,0.0026652199004239337,0.15589709501068885,0.09482933036730773,0.18482599328306987,0.5746429722125529,0.0950562288020933,0.624
822,0.7112940546878237,0.08008525799835134,0.11017115696583601,0.08445062419932238,0.013998906148666413,0.0960669413820546,0.166289494989452,0.5890156369450478,0.09704801055052048,0.835
823,0.2171501488599149,0.04090167222008659,0.3667188350328366,0.08583120962749019,0.2893981342596718,0.09747706793118302,0.1733207656723942,0.5949207914317712,0.09786217869178371,0.917
824,0.7290532779107814,0.0722919448171794,0.12371981559744454,0.04004348924676552,0.034891472427829084,0.09858157115293949,0.1737258112911678,0.607055393399752,0.09952768601501583,0.977
825,0.5375026531140442,0.22307727299315552,0.10906758908097336,0.02908015691122199,0.10127232790060495,0.09679310919715979,0.1708149163266948,0.5943041891470379,0.09777727804476655,0.904
826,0.22345629139345174,0.05276953861730243,0.33028346119207536,0.1030531586086235,0.29043755018854706,0.09585425730634838,0.16697013175484782,0.5839327787249097,0.09634527512676239,0.791
827,0.11721765624253683,0.194853407918524,0.35919687601184197,0.07208349987892412,0.2566485599481731,0.09690834096816983,0.17934406784600332,0.585750127211627,0.09659674130760965,0.843
828,0.24475891026192506,0.10585380418549284,0.1853290495389927,0.040612292243373566,0.4234459437702159,0.09525326219014225,0.16034488845738631,0.5825087036503303,0.09614806476705762,0.717
829,0.2574570072005139,0.036296341028570205,0.2318734092398067,0.008027957666704989,0.46634528486440424,0.09801014720799857,0.1676091788237569,0.6036152881747537,0.09905654682724752,0.969
830,0.11186478654502895,0.26937486258968496,0.43737759276051646,0.12544595423052646,0.055936803874243345,0.09640801974408951,0.19103840668073896,0.5798181523669139,0.09577508099481613,0.786
831,0.22066920855663985,0.3395577009904172,0.2258976139306269,0.023772199743713578,0.19010327677860248,0.09678438344536495,0.17927964041721547,0.5880971612737821,0.09692115906694565,0.875
832,0.08257189430829749,0.09521002950160795,0.3206043333552901,0.07110207259121178,0.4305116702435928,0.0956412340103607,0.16836946503914849,0.5808424379307283,0.09591713476542751,0.744
833,0.14442513145695368,0.3246101196973807,0.36432721098102794,0.11386496369125113,0.05277257417338649,0.09542850822298893,0.18589963011963262,0.5777899506599409,0.09549358086673343,0.691
834,0.5741605249678431,0.12424097226894626,0.07614258842582856,0.06468094640227222,0.16077496793510984,0.09473452737222189,0.1587920148752266,0.5801746981147385,0.09582453715278505,0.612
835,0.11430800532909471,0.14189736605254646,0.3415568939269148,0.10746520087338636,0.2947725338180578,0.09484606836216143,0.16946060500127516,0.5746319618246594,0.09505469740382977,0.629
836,0.23710632337492124,0.2906876969384774,0.3151745112497575,0.09484940805176384,0.06218206038508,0.09598220265266379,0.18158019799440728,0.5808191334715579,0.09591390358866891,0.757
837,0.11127062142728827,0.2561523460354807,0.2909579633898603,0.01531010793273463,0.3263089612146361,0.09769770044204633,0.18010528208252707,0.5961423512841829,0.0980302991016222,0.931
838,0.28311262483934213,0.13774610759787867,0.3470191302905621,0.04368727734891341,0.18843485992330355,0.09954067702495636,0.18339365062067273,0.6116639969799647,0.10015759393039825,0.982
839,0.325062161759815,0.25346545572333584,0.14397529415924692,0.014589544495955814,0.26290754386164644,0.0961934744692613,0.16846255824159648,0.5885995596528031,0.09699055301880954,0.83
840,0.0036221538562618873,0.3123366412883258,0.4221754402887482,0.0993015591570459,0.16256420540961813,0.09612203738371423,0.1903946954127857,0.5792582494969476,0.09569739931907129,0.762
841,0.3110944509566681,0.14545707826010998,0.2956057880317242,0.12649725749474228,0.12134542525675544,0.09480871262309637,0.16798546774306358,0.5727736388844015,0.09479610661795168,0.628
842,0.32074519249238503,0.022292227215239945,0.32728248521168196,0.12576639192583824,0.203913703154855,0.09573002641855322,0.1657160913290702,0.5816753215304961,0.09603258954900662,0.715
843,0.5395940106519028,0.04158725844925353,0.17239427797911833,0.0318839255322559,0.21454052738746937,0.09827102040704547,0.16780379459514289,0.6050794747595756,0.09925717305754778,0.976
844,0.10961541004942786,0.49180311841713026,0.3222015901186163,0.024811535030776672,0.0515683463840488,0.09803467477707473,0.20100577229373046,0.5937695512381073,0.09770364189740732,0.91
845,0.029857764493108493,0.6658962583386361,0.21420818893901206,0.0044637357392015384,0.08557405249004191,0.09545291426014232,0.19853080486765903,0.5773664468441045,0.09543476498548098,0.669
846,0.027675496436874093,0.3959548821550041,0.4311523421964132,0.09189023777090125,0.053327041440807466,0.09692050281958853,0.2002764823688864,0.58320394448036,0.09624436161539562,0.818
847,0.05247149524306609,0.40312376211189477,0.44484410768271077,0.057490932705928144,0.04206970225640022,0.09905872567273166,0.20773068429651853,0.5999087878110582,0.0985480177565139,0.949
848,0.3661616082514701,0.027963836843410438,0.2873714002796109,0.1149454148406986,0.20355773978480984,0.09567335742167352,0.16360800458748576,0.5838024536177201,0.09632723319718961,0.75
849,0.4045144347963083,0.12728198174559435,0.21262479213353216,0.09016880450657574,0.16540998681798946,0.0953031679485055,0.163774635648186,0.582375572552763,0.0961296211015592,0.699
850,0.10733137951448654,0.1797887604776281,0.32307839355620765,0.09126904896336101,0.29853241748831694,0.09504316643069882,0.17072793570307657,0.5744563765569186,0.09503027467475644,0.671
851,0.11233440516297731,0.23340537350370574,0.5390693960852598,0.0870914933364091,0.02809933191164804,0.10068096175362287,0.20965151331459572,0.6121701459976467,0.10022668696072712,0.979
852,0.6122564935420575,0.03926094517335905,0.16191526630307224,0.09859905485596973,0.08796824012554151,0.09573348912447872,0.16228618365967074,0.5851614605120053,0.09651531285945825,0.784
853,0.2178711730972779,0.07462758551271903,0.2236580861789231,0.03586198156152081,0.44798117364955925,0.09615637471517743,0.16341609880708127,0.5900642669591072,0.09719276607011107,0.861
854,0.4634198174497738,0.013737715914717657,0.0596628591679765,0.019210176546662554,0.44396943092086955,0.09526131170909734,0.15482662213150686,0.58682871726181,0.0967458766153706,0.769
855,0.2489809183408628,0.0036666034765399317,0.5393317640114584,0.18974696211336128,0.01827375205777752,0.09743448998859383,0.18860644805928184,0.5882542500020168,0.09694285888942433,0.863
856,0.03124399651864676,0.06360346925701173,0.6343343948121152,0.0976484273214185,0.17316971209080775,0.10177662060602552,0.209600511504053,0.6193656466642451,0.10120705320717405,0.986
857,0.5790481118333392,0.10557020200024422,0.05522137301117133,0.026466411861890447,0.23369390129335488,0.09598002690982761,0.16080146824069264,0.5904084513638088,0.0972402615020782,0.845
858,0.4870359845799004,0.026982794403434613,0.09470366261782671,0.021158066630937715,0.37011949176790065,0.09628583841285249,0.1584247350140376,0.5922328477878198,0.09749188030016676,0.877
859,0.03130807463177891,0.18689003435563128,0.3279295174546649,0.0648378922612578,0.3890344812966671,0.09559361353092781,0.17332811123676187,0.5778343918977182,0.0954997520991181,0.74
860,0.24007733386384045,0.40435701566562054,0.22968359024645055,0.07337365638517289,0.052508403838915696,0.0948410485574669,0.18005155637472833,0.5706682363011962,0.09450283850617014,0.603
861,0.31371345269121337,0.0869527920965947,0.3602118305793589,0.083054449043048,0.15606747558978526,0.09840498008445898,0.178961206051742,0.5978589017683896,0.09826637004591099,0.944
862,0.11418915277324732,0.3518942747115847,0.2692003346554431,0.05965934992486827,0.20505688793485669,0.0951872291474995,0.17801546518518332,0.5768320391079561,0.09536052882251922,0.7
863,0.47285240936616174,0.31047727838192535,0.114104855844021,0.016951858701654388,0.08561359770623758,0.0968183118481877,0.17525797417698477,0.5928016627311871,0.09757028348035202,0.883
864,0.07408299297353706,0.24328316865474703,0.5437766763632572,0.13514829048995763,0.003708871518500944,0.09825357376676871,0.2049751404517196,0.5898195922641972,0.09715899739345257,0.887
865,0.26435195930821964,0.08101617134263756,0.4310973587392817,0.14355195569900686,0.07998255491085417,0.09696111555510893,0.18089105956264767,0.5874510596359522,0.09683189023156236,0.852
866,0.514914652277698,0.07023296833676351,0.045629403490791656,0.02033988575907432,0.3488830901356726,0.09537458675088843,0.15664303119153658,0.5864850217289133,0.09669836306633806,0.755
867,0.41371481918859554,0.1245984715210546,0.35769385902811446,0.09152567948579132,0.012467170776444022,0.09896083909072821,0.1853281933313179,0.6022638485682056,0.09887123935277375,0.96
868,0.10249088431292659,0.029570090424850027,0.529962949679056,0.2070954929265508,0.1308805826566165,0.09495468540341086,0.18085954710323113,0.5701925223592894,0.09443653126978813,0.62
869,0.5702331776786769,0.028997678372843064,0.165031863246286,0.07391320667133117,0.16182407403086285,0.09650203405773401,0.1626812041239568,0.5943102827957734,0.0977781172144736,0.881
870,0.19222387508110478,0.5222142563286625,0.2025554942899898,0.03673492622581717,0.04627144807442548,0.09533305442789898,0.1877179518900693,0.5776974120864447,0.09548073025989723,0.692
871,0.28546909254940817,0.1731522809495722,0.40170938101545545,0.10655755080105823,0.03311169468450605,0.09810233566483285,0.18765181014369808,0.5947227974192859,0.09783491954090318,0.918
872,0.20360798915236453,0.03718951536838294,0.37908089958384694,0.07102163948913674,0.30909995640626886,0.09831712860410867,0.17624715328443158,0.5971780240838636,0.09817275570325501,0.932
873,0.10807825741211599,0.07529635918707578,0.44950643575408383,0.15289072869479026,0.2142282189519341,0.0954383606767077,0.17638046883061803,0.5762590711765528,0.09528091378665904,0.704
874,0.2254460445929034,0.3963952576796624,0.21678069036792086,0.0015244755260230979,0.15985353183349027,0.09760537630645601,0.1849788061203551,0.5978174633685343,0.09826067356381873,0.926
875,0.08069546971350956,0.5196698304157009,0.30403778096368655,0.0012571025411724827,0.09433981636593039,0.09835132960687448,0.20177953525549014,0.5968389625733481,0.09812612599388482,0.927
876,0.35887346143829674,0.0973810954149705,0.30241044663086064,0.06712500379129996,0.17420999272457224,0.09812837060954599,0.17498753815813817,0.6008434050464042,0.098676335332047,0.955
877,0.35371676895105597,0.21089681061107407,0.2744324453695535,0.1234448725030801,0.03750910256523621,0.0948429595611108,0.17192365303762944,0.5757127804583817,0.09520498403968802,0.628
878,0.16698950617782016,0.21107318136799202,0.4723463397160201,0.07716180759183525,0.07242916514633237,0.10000627221304612,0.1997749319814432,0.6067019438645488,0.09947931658792952,0.973
879,0.06253001258446295,0.1692379715474419,0.48950354420543857,0.08561085160283664,0.19311762005981978,0.09901040040885292,0.19461686282104498,0.5984198221793525,0.09834346740889499,0.941
880,0.20788992935755352,0.13405337151763544,0.3758232298246738,0.04513833900471893,0.23709513029541843,0.09944325478398004,0.18430439704093346,0.608428182876032,0.09971547102254186,0.977
881,0.21935054240846477,0.0016187421977509264,0.34422787970964314,0.08874538958243906,0.34605744610170225,0.09680565988561599,0.16817511165148924,0.5883552714707045,0.09695681282147439,0.86
882,0.32099403506440116,0.036076509743696965,0.2174588718562271,0.042094406638395,0.3833761766972797,0.0967521638483219,0.16297469335635117,0.59280461557794,0.09757069043051025,0.884
883,0.44432945999775164,0.17161128102511428,0.2381163742274266,0.0986345179368215,0.04730836681288587,0.0959576506485062,0.171351258676093,0.5852622582397358,0.09652925761443099,0.79
884,0.5854619547556765,0.11669789875011302,0.18924147133736396,0.048860655618731985,0.05973801953811444,0.09838692682814792,0.1747199137032356,0.6032017813834698,0.09899986063422617,0.963
885,0.10142601916079068,0.3011238533542044,0.4390558907402348,0.05885755279341419,0.09953668395135591,0.09934206758441015,0.20026581282499653,0.6018312781605032,0.09881189949803693,0.96
886,0.14692251132502013,0.02942333774464546,0.3242585494879246,0.10894031886322803,0.39045528257918183,0.09467337450160308,0.1625316611461992,0.5745885049877979,0.0950486530531709,0.615
887,0.34176757016342957,0.3458369729071128,0.27616740307876414,0.0011589353201664646,0.035069118530527056,0.10026970868919591,0.19552355560585652,0.6159175102462571,0.10073769035685842,0.987
888,0.8268430971243367,0.008655531159210517,0.05033387624370152,0.0250072560456206,0.0891602394271308,0.09840145135528297,0.17024037398499303,0.608561488350921,0.09973369915792629,0.985
889,0.10482776736072111,0.06951108707797886,0.5243962985202425,0.0864995056401142,0.21476534140094333,0.10026570738280811,0.19517273065198507,0.6066974036334464,0.09947869520375163,0.976
890,0.35406550230780426,0.03846674401205814,0.4241726639750586,0.16018606460044277,0.023109025104636128,0.09693659871543456,0.17952705226891433,0.5872492226266256,0.09680399739958956,0.845
891,0.06305992174882347,0.361258805024882,0.5074321935234695,0.056159434635491993,0.012089645067333003,0.10078922949697783,0.21558074643116878,0.6109547319550789,0.10006074487251837,0.981
892,0.2755296217608337,0.2801451752778331,0.31135776063117276,0.0777767364542233,0.05519070587593721,0.09703928709294761,0.1838938015138039,0.588851858609764,0.09702539527844234,0.865
893,0.0703150994864549,0.32271548458895055,0.25073338754329855,0.02153783877852986,0.334698189602766,0.09600228293841315,0.17686203735814343,0.5842122714493135,0.09638396349870271,0.768
894,0.27797834111844544,0.3346872488965212,0.11044124932821296,0.00847158992608492,0.2684215707307355,0.09515959309771596,0.16832067684880997,0.5808931053190884,0.09592415969667689,0.707
895,0.09125046617714289,0.09358242558164188,0.4571129767311752,0.10027604613433945,0.2577780853757005,0.09782790700400552,0.18401182682318645,0.5913756052824752,0.09737367907521066,0.905
896,0.41512944390586853,0.0568080953650613,0.2774706920551256,0.09238291346022257,0.15820885521372205,0.09693083063472682,0.1687213130331619,0.5931274265824236,0.09761517538168452,0.889
897,0.42567418228396275,0.19174748227764804,0.06599898329419043,0.010506904694324585,0.3060724474498742,0.09543390569394977,0.1612025318454931,0.5849516135809676,0.0964862795320145,0.751
898,0.034297855749277587,0.17210569087039665,0.2830837179604137,0.022287906090615216,0.4882248293292968,0.09641711573242542,0.17265361608840693,0.5900439054156765,0.09718995603871106,0.853
899,0.8383754752199394,0.0537535093165642,0.014887346855189432,0.04576601664688988,0.04721765196141708,0.09669646767446909,0.16730335317604042,0.5958704163599828,0.09799288224635139,0.917
900,0.5894341665559619,0.0805698943785892,0.12813947001999307,0.036710127197776866,0.16514634184767896,0.0974458726921595,0.16660539556452444,0.5983885848462209,0.09833917447051821,0.942
901,0.1819885178829454,0.15200447201558023,0.54069869627689,0.09889425311766452,0.026414060706919682,0.10088711119545678,0.2055334523945608,0.6122791981784089,0.10024157110600052,0.984
902,0.22244671367575924,0.08643969907151368,0.45387688829059314,0.10052093306053046,0.1367157659016035,0.09904794735629854,0.18771410929445667,0.5994790013508665,0.09848899041588921,0.947
